[0.000000] (-) TimerEvent: {}
[0.000320] (control_launch) JobQueued: {'identifier': 'control_launch', 'dependencies': OrderedDict()}
[0.000410] (gui_control) JobQueued: {'identifier': 'gui_control', 'dependencies': OrderedDict()}
[0.000432] (move_to_point_action) JobQueued: {'identifier': 'move_to_point_action', 'dependencies': OrderedDict()}
[0.000451] (move_to_point_server) JobQueued: {'identifier': 'move_to_point_server', 'dependencies': OrderedDict()}
[0.000469] (control_launch) JobStarted: {'identifier': 'control_launch'}
[0.006008] (gui_control) JobStarted: {'identifier': 'gui_control'}
[0.008095] (move_to_point_action) JobStarted: {'identifier': 'move_to_point_action'}
[0.009988] (move_to_point_server) JobStarted: {'identifier': 'move_to_point_server'}
[0.012572] (control_launch) JobProgress: {'identifier': 'control_launch', 'progress': 'cmake'}
[0.013344] (control_launch) Command: {'cmd': ['/usr/bin/cmake', '/home/dmitry/Documents/lab_first_sem/ws_supervised/src/control_launch', '-G', 'CodeBlocks - Unix Makefiles', '-DCMAKE_BUILD_TYPE=Debug', '-DCMAKE_INSTALL_PREFIX=/home/dmitry/Documents/lab_first_sem/ws_supervised/install/control_launch'], 'cwd': '/home/dmitry/Documents/lab_first_sem/ws_supervised/build/control_launch', 'env': OrderedDict([('GJS_DEBUG_TOPICS', 'JS ERROR;JS LOG'), ('LANGUAGE', 'ru:en'), ('LC_TIME', 'ru_RU.UTF-8'), ('USER', 'dmitry'), ('XDG_SESSION_TYPE', 'x11'), ('LD_LIBRARY_PATH', '/home/dmitry/Documents/lab_first_sem/ws_supervised/install/move_to_point_action/lib:/usr/lib/x86_64-linux-gnu/gazebo-11/plugins:/opt/ros/humble/opt/rviz_ogre_vendor/lib:/opt/ros/humble/lib/x86_64-linux-gnu:/opt/ros/humble/lib'), ('SHLVL', '1'), ('HOME', '/home/dmitry'), ('DESKTOP_SESSION', 'ubuntu'), ('QTDIR', '/usr/lib/x86_64-linux-gnu/qt5'), ('GIO_LAUNCHED_DESKTOP_FILE', '/home/dmitry/.local/share/applications/org.qt-project.qtcreator.desktop'), ('GNOME_SHELL_SESSION_MODE', 'ubuntu'), ('GTK_MODULES', 'gail:atk-bridge'), ('ROS_PYTHON_VERSION', '3'), ('LC_MONETARY', 'ru_RU.UTF-8'), ('MANAGERPID', '1928'), ('DBUS_SESSION_BUS_ADDRESS', 'unix:path'), ('SYSTEMD_EXEC_PID', '2291'), ('GIO_LAUNCHED_DESKTOP_FILE_PID', '5017'), ('COLCON_PREFIX_PATH', '/home/dmitry/Documents/lab_first_sem/ws_supervised/install'), ('ROS_DISTRO', 'humble'), ('GTK_IM_MODULE', 'ibus'), ('LOGNAME', 'dmitry'), ('JOURNAL_STREAM', '8:21557'), ('_', '/usr/bin/env'), ('ROS_VERSION', '2'), ('XDG_SESSION_CLASS', 'user'), ('USERNAME', 'dmitry'), ('GNOME_DESKTOP_SESSION_ID', 'this-is-deprecated'), ('ROS_LOCALHOST_ONLY', '0'), ('WINDOWPATH', '2'), ('PATH', '/opt/ros/humble/bin:/home/dmitry/.local/bin:/usr/local/sbin:/usr/local/bin:/usr/sbin:/usr/bin:/sbin:/bin:/usr/games:/usr/local/games:/snap/bin:/snap/bin'), ('INVOCATION_ID', 'e7b13a870503479db6923e7a26c19210'), ('PAPERSIZE', 'a4'), ('SESSION_MANAGER', 'local/dmitry-IdeaPad-Gaming-3-15IAH7:@/tmp/.ICE-unix/2267,unix/dmitry-IdeaPad-Gaming-3-15IAH7:/tmp/.ICE-unix/2267'), ('LC_ADDRESS', 'ru_RU.UTF-8'), ('XDG_MENU_PREFIX', 'gnome-'), ('XDG_RUNTIME_DIR', '/run/user/1000'), ('DISPLAY', ':1'), ('LANG', 'ru_RU.UTF-8'), ('LC_TELEPHONE', 'ru_RU.UTF-8'), ('XDG_CURRENT_DESKTOP', 'ubuntu:GNOME'), ('XAUTHORITY', '/run/user/1000/gdm/Xauthority'), ('XDG_SESSION_DESKTOP', 'ubuntu'), ('XMODIFIERS', '@im'), ('AMENT_PREFIX_PATH', '/home/dmitry/Documents/lab_first_sem/ws_supervised/install/move_to_point_server:/home/dmitry/Documents/lab_first_sem/ws_supervised/install/move_to_point_action:/home/dmitry/Documents/lab_first_sem/ws_supervised/install/gui_control:/home/dmitry/Documents/lab_first_sem/ws_supervised/install/control_launch:/opt/ros/humble'), ('SSH_AGENT_LAUNCHER', 'gnome-keyring'), ('SSH_AUTH_SOCK', '/run/user/1000/keyring/ssh'), ('LC_NAME', 'ru_RU.UTF-8'), ('SHELL', '/bin/bash'), ('GDMSESSION', 'ubuntu'), ('QT_ACCESSIBILITY', '1'), ('LC_MEASUREMENT', 'ru_RU.UTF-8'), ('GJS_DEBUG_OUTPUT', 'stderr'), ('GPG_AGENT_INFO', '/run/user/1000/gnupg/S.gpg-agent:0:1'), ('LC_IDENTIFICATION', 'ru_RU.UTF-8'), ('QT_IM_MODULE', 'ibus'), ('PWD', '/home/dmitry/Documents/lab_first_sem/ws_supervised/build/control_launch'), ('XDG_CONFIG_DIRS', '/etc/xdg/xdg-ubuntu:/etc/xdg'), ('XDG_DATA_DIRS', '/usr/share/ubuntu:/usr/share/gnome:/usr/local/share/:/usr/share/:/var/lib/snapd/desktop'), ('LC_NUMERIC', 'ru_RU.UTF-8'), ('PYTHONPATH', '/home/dmitry/Documents/lab_first_sem/ws_supervised/install/move_to_point_action/local/lib/python3.10/dist-packages:/opt/ros/humble/lib/python3.10/site-packages:/opt/ros/humble/local/lib/python3.10/dist-packages'), ('LC_PAPER', 'ru_RU.UTF-8'), ('COLCON', '1'), ('CMAKE_PREFIX_PATH', '/home/dmitry/Documents/lab_first_sem/ws_supervised/install/move_to_point_server:/home/dmitry/Documents/lab_first_sem/ws_supervised/install/move_to_point_action:/home/dmitry/Documents/lab_first_sem/ws_supervised/install/gui_control:/home/dmitry/Documents/lab_first_sem/ws_supervised/install/control_launch:/opt/ros/humble')]), 'shell': False}
[0.014359] (gui_control) JobProgress: {'identifier': 'gui_control', 'progress': 'cmake'}
[0.014409] (gui_control) Command: {'cmd': ['/usr/bin/cmake', '/home/dmitry/Documents/lab_first_sem/ws_supervised/src/gui_control', '-G', 'CodeBlocks - Unix Makefiles', '-DCMAKE_BUILD_TYPE=Debug', '-DCMAKE_INSTALL_PREFIX=/home/dmitry/Documents/lab_first_sem/ws_supervised/install/gui_control'], 'cwd': '/home/dmitry/Documents/lab_first_sem/ws_supervised/build/gui_control', 'env': OrderedDict([('GJS_DEBUG_TOPICS', 'JS ERROR;JS LOG'), ('LANGUAGE', 'ru:en'), ('LC_TIME', 'ru_RU.UTF-8'), ('USER', 'dmitry'), ('XDG_SESSION_TYPE', 'x11'), ('LD_LIBRARY_PATH', '/home/dmitry/Documents/lab_first_sem/ws_supervised/install/move_to_point_action/lib:/usr/lib/x86_64-linux-gnu/gazebo-11/plugins:/opt/ros/humble/opt/rviz_ogre_vendor/lib:/opt/ros/humble/lib/x86_64-linux-gnu:/opt/ros/humble/lib'), ('SHLVL', '1'), ('HOME', '/home/dmitry'), ('DESKTOP_SESSION', 'ubuntu'), ('QTDIR', '/usr/lib/x86_64-linux-gnu/qt5'), ('GIO_LAUNCHED_DESKTOP_FILE', '/home/dmitry/.local/share/applications/org.qt-project.qtcreator.desktop'), ('GNOME_SHELL_SESSION_MODE', 'ubuntu'), ('GTK_MODULES', 'gail:atk-bridge'), ('ROS_PYTHON_VERSION', '3'), ('LC_MONETARY', 'ru_RU.UTF-8'), ('MANAGERPID', '1928'), ('DBUS_SESSION_BUS_ADDRESS', 'unix:path'), ('SYSTEMD_EXEC_PID', '2291'), ('GIO_LAUNCHED_DESKTOP_FILE_PID', '5017'), ('COLCON_PREFIX_PATH', '/home/dmitry/Documents/lab_first_sem/ws_supervised/install'), ('ROS_DISTRO', 'humble'), ('GTK_IM_MODULE', 'ibus'), ('LOGNAME', 'dmitry'), ('JOURNAL_STREAM', '8:21557'), ('_', '/usr/bin/env'), ('ROS_VERSION', '2'), ('XDG_SESSION_CLASS', 'user'), ('USERNAME', 'dmitry'), ('GNOME_DESKTOP_SESSION_ID', 'this-is-deprecated'), ('ROS_LOCALHOST_ONLY', '0'), ('WINDOWPATH', '2'), ('PATH', '/opt/ros/humble/bin:/home/dmitry/.local/bin:/usr/local/sbin:/usr/local/bin:/usr/sbin:/usr/bin:/sbin:/bin:/usr/games:/usr/local/games:/snap/bin:/snap/bin'), ('INVOCATION_ID', 'e7b13a870503479db6923e7a26c19210'), ('PAPERSIZE', 'a4'), ('SESSION_MANAGER', 'local/dmitry-IdeaPad-Gaming-3-15IAH7:@/tmp/.ICE-unix/2267,unix/dmitry-IdeaPad-Gaming-3-15IAH7:/tmp/.ICE-unix/2267'), ('LC_ADDRESS', 'ru_RU.UTF-8'), ('XDG_MENU_PREFIX', 'gnome-'), ('XDG_RUNTIME_DIR', '/run/user/1000'), ('DISPLAY', ':1'), ('LANG', 'ru_RU.UTF-8'), ('LC_TELEPHONE', 'ru_RU.UTF-8'), ('XDG_CURRENT_DESKTOP', 'ubuntu:GNOME'), ('XAUTHORITY', '/run/user/1000/gdm/Xauthority'), ('XDG_SESSION_DESKTOP', 'ubuntu'), ('XMODIFIERS', '@im'), ('AMENT_PREFIX_PATH', '/home/dmitry/Documents/lab_first_sem/ws_supervised/install/move_to_point_server:/home/dmitry/Documents/lab_first_sem/ws_supervised/install/move_to_point_action:/home/dmitry/Documents/lab_first_sem/ws_supervised/install/gui_control:/home/dmitry/Documents/lab_first_sem/ws_supervised/install/control_launch:/opt/ros/humble'), ('SSH_AGENT_LAUNCHER', 'gnome-keyring'), ('SSH_AUTH_SOCK', '/run/user/1000/keyring/ssh'), ('LC_NAME', 'ru_RU.UTF-8'), ('SHELL', '/bin/bash'), ('GDMSESSION', 'ubuntu'), ('QT_ACCESSIBILITY', '1'), ('LC_MEASUREMENT', 'ru_RU.UTF-8'), ('GJS_DEBUG_OUTPUT', 'stderr'), ('GPG_AGENT_INFO', '/run/user/1000/gnupg/S.gpg-agent:0:1'), ('LC_IDENTIFICATION', 'ru_RU.UTF-8'), ('QT_IM_MODULE', 'ibus'), ('PWD', '/home/dmitry/Documents/lab_first_sem/ws_supervised/build/gui_control'), ('XDG_CONFIG_DIRS', '/etc/xdg/xdg-ubuntu:/etc/xdg'), ('XDG_DATA_DIRS', '/usr/share/ubuntu:/usr/share/gnome:/usr/local/share/:/usr/share/:/var/lib/snapd/desktop'), ('LC_NUMERIC', 'ru_RU.UTF-8'), ('PYTHONPATH', '/home/dmitry/Documents/lab_first_sem/ws_supervised/install/move_to_point_action/local/lib/python3.10/dist-packages:/opt/ros/humble/lib/python3.10/site-packages:/opt/ros/humble/local/lib/python3.10/dist-packages'), ('LC_PAPER', 'ru_RU.UTF-8'), ('COLCON', '1'), ('CMAKE_PREFIX_PATH', '/home/dmitry/Documents/lab_first_sem/ws_supervised/install/move_to_point_server:/home/dmitry/Documents/lab_first_sem/ws_supervised/install/move_to_point_action:/home/dmitry/Documents/lab_first_sem/ws_supervised/install/gui_control:/home/dmitry/Documents/lab_first_sem/ws_supervised/install/control_launch:/opt/ros/humble')]), 'shell': False}
[0.015908] (move_to_point_action) JobProgress: {'identifier': 'move_to_point_action', 'progress': 'cmake'}
[0.015959] (move_to_point_action) Command: {'cmd': ['/usr/bin/cmake', '/home/dmitry/Documents/lab_first_sem/ws_supervised/src/move_to_point_action', '-G', 'CodeBlocks - Unix Makefiles', '-DCMAKE_BUILD_TYPE=Debug', '-DCMAKE_INSTALL_PREFIX=/home/dmitry/Documents/lab_first_sem/ws_supervised/install/move_to_point_action'], 'cwd': '/home/dmitry/Documents/lab_first_sem/ws_supervised/build/move_to_point_action', 'env': OrderedDict([('GJS_DEBUG_TOPICS', 'JS ERROR;JS LOG'), ('LANGUAGE', 'ru:en'), ('LC_TIME', 'ru_RU.UTF-8'), ('USER', 'dmitry'), ('XDG_SESSION_TYPE', 'x11'), ('LD_LIBRARY_PATH', '/home/dmitry/Documents/lab_first_sem/ws_supervised/install/move_to_point_action/lib:/usr/lib/x86_64-linux-gnu/gazebo-11/plugins:/opt/ros/humble/opt/rviz_ogre_vendor/lib:/opt/ros/humble/lib/x86_64-linux-gnu:/opt/ros/humble/lib'), ('SHLVL', '1'), ('HOME', '/home/dmitry'), ('DESKTOP_SESSION', 'ubuntu'), ('QTDIR', '/usr/lib/x86_64-linux-gnu/qt5'), ('GIO_LAUNCHED_DESKTOP_FILE', '/home/dmitry/.local/share/applications/org.qt-project.qtcreator.desktop'), ('GNOME_SHELL_SESSION_MODE', 'ubuntu'), ('GTK_MODULES', 'gail:atk-bridge'), ('ROS_PYTHON_VERSION', '3'), ('LC_MONETARY', 'ru_RU.UTF-8'), ('MANAGERPID', '1928'), ('DBUS_SESSION_BUS_ADDRESS', 'unix:path'), ('SYSTEMD_EXEC_PID', '2291'), ('GIO_LAUNCHED_DESKTOP_FILE_PID', '5017'), ('COLCON_PREFIX_PATH', '/home/dmitry/Documents/lab_first_sem/ws_supervised/install'), ('ROS_DISTRO', 'humble'), ('GTK_IM_MODULE', 'ibus'), ('LOGNAME', 'dmitry'), ('JOURNAL_STREAM', '8:21557'), ('_', '/usr/bin/env'), ('ROS_VERSION', '2'), ('XDG_SESSION_CLASS', 'user'), ('USERNAME', 'dmitry'), ('GNOME_DESKTOP_SESSION_ID', 'this-is-deprecated'), ('ROS_LOCALHOST_ONLY', '0'), ('WINDOWPATH', '2'), ('PATH', '/opt/ros/humble/bin:/home/dmitry/.local/bin:/usr/local/sbin:/usr/local/bin:/usr/sbin:/usr/bin:/sbin:/bin:/usr/games:/usr/local/games:/snap/bin:/snap/bin'), ('INVOCATION_ID', 'e7b13a870503479db6923e7a26c19210'), ('PAPERSIZE', 'a4'), ('SESSION_MANAGER', 'local/dmitry-IdeaPad-Gaming-3-15IAH7:@/tmp/.ICE-unix/2267,unix/dmitry-IdeaPad-Gaming-3-15IAH7:/tmp/.ICE-unix/2267'), ('LC_ADDRESS', 'ru_RU.UTF-8'), ('XDG_MENU_PREFIX', 'gnome-'), ('XDG_RUNTIME_DIR', '/run/user/1000'), ('DISPLAY', ':1'), ('LANG', 'ru_RU.UTF-8'), ('LC_TELEPHONE', 'ru_RU.UTF-8'), ('XDG_CURRENT_DESKTOP', 'ubuntu:GNOME'), ('XAUTHORITY', '/run/user/1000/gdm/Xauthority'), ('XDG_SESSION_DESKTOP', 'ubuntu'), ('XMODIFIERS', '@im'), ('AMENT_PREFIX_PATH', '/home/dmitry/Documents/lab_first_sem/ws_supervised/install/move_to_point_server:/home/dmitry/Documents/lab_first_sem/ws_supervised/install/move_to_point_action:/home/dmitry/Documents/lab_first_sem/ws_supervised/install/gui_control:/home/dmitry/Documents/lab_first_sem/ws_supervised/install/control_launch:/opt/ros/humble'), ('SSH_AGENT_LAUNCHER', 'gnome-keyring'), ('SSH_AUTH_SOCK', '/run/user/1000/keyring/ssh'), ('LC_NAME', 'ru_RU.UTF-8'), ('SHELL', '/bin/bash'), ('GDMSESSION', 'ubuntu'), ('QT_ACCESSIBILITY', '1'), ('LC_MEASUREMENT', 'ru_RU.UTF-8'), ('GJS_DEBUG_OUTPUT', 'stderr'), ('GPG_AGENT_INFO', '/run/user/1000/gnupg/S.gpg-agent:0:1'), ('LC_IDENTIFICATION', 'ru_RU.UTF-8'), ('QT_IM_MODULE', 'ibus'), ('PWD', '/home/dmitry/Documents/lab_first_sem/ws_supervised/build/move_to_point_action'), ('XDG_CONFIG_DIRS', '/etc/xdg/xdg-ubuntu:/etc/xdg'), ('XDG_DATA_DIRS', '/usr/share/ubuntu:/usr/share/gnome:/usr/local/share/:/usr/share/:/var/lib/snapd/desktop'), ('LC_NUMERIC', 'ru_RU.UTF-8'), ('PYTHONPATH', '/home/dmitry/Documents/lab_first_sem/ws_supervised/install/move_to_point_action/local/lib/python3.10/dist-packages:/opt/ros/humble/lib/python3.10/site-packages:/opt/ros/humble/local/lib/python3.10/dist-packages'), ('LC_PAPER', 'ru_RU.UTF-8'), ('COLCON', '1'), ('CMAKE_PREFIX_PATH', '/home/dmitry/Documents/lab_first_sem/ws_supervised/install/move_to_point_server:/home/dmitry/Documents/lab_first_sem/ws_supervised/install/move_to_point_action:/home/dmitry/Documents/lab_first_sem/ws_supervised/install/gui_control:/home/dmitry/Documents/lab_first_sem/ws_supervised/install/control_launch:/opt/ros/humble')]), 'shell': False}
[0.016311] (move_to_point_server) JobProgress: {'identifier': 'move_to_point_server', 'progress': 'cmake'}
[0.016324] (move_to_point_server) Command: {'cmd': ['/usr/bin/cmake', '/home/dmitry/Documents/lab_first_sem/ws_supervised/src/move_to_point_server', '-G', 'CodeBlocks - Unix Makefiles', '-DCMAKE_BUILD_TYPE=Debug', '-DCMAKE_INSTALL_PREFIX=/home/dmitry/Documents/lab_first_sem/ws_supervised/install/move_to_point_server'], 'cwd': '/home/dmitry/Documents/lab_first_sem/ws_supervised/build/move_to_point_server', 'env': OrderedDict([('GJS_DEBUG_TOPICS', 'JS ERROR;JS LOG'), ('LANGUAGE', 'ru:en'), ('LC_TIME', 'ru_RU.UTF-8'), ('USER', 'dmitry'), ('XDG_SESSION_TYPE', 'x11'), ('LD_LIBRARY_PATH', '/home/dmitry/Documents/lab_first_sem/ws_supervised/install/move_to_point_action/lib:/usr/lib/x86_64-linux-gnu/gazebo-11/plugins:/opt/ros/humble/opt/rviz_ogre_vendor/lib:/opt/ros/humble/lib/x86_64-linux-gnu:/opt/ros/humble/lib'), ('SHLVL', '1'), ('HOME', '/home/dmitry'), ('DESKTOP_SESSION', 'ubuntu'), ('QTDIR', '/usr/lib/x86_64-linux-gnu/qt5'), ('GIO_LAUNCHED_DESKTOP_FILE', '/home/dmitry/.local/share/applications/org.qt-project.qtcreator.desktop'), ('GNOME_SHELL_SESSION_MODE', 'ubuntu'), ('GTK_MODULES', 'gail:atk-bridge'), ('ROS_PYTHON_VERSION', '3'), ('LC_MONETARY', 'ru_RU.UTF-8'), ('MANAGERPID', '1928'), ('DBUS_SESSION_BUS_ADDRESS', 'unix:path'), ('SYSTEMD_EXEC_PID', '2291'), ('GIO_LAUNCHED_DESKTOP_FILE_PID', '5017'), ('COLCON_PREFIX_PATH', '/home/dmitry/Documents/lab_first_sem/ws_supervised/install'), ('ROS_DISTRO', 'humble'), ('GTK_IM_MODULE', 'ibus'), ('LOGNAME', 'dmitry'), ('JOURNAL_STREAM', '8:21557'), ('_', '/usr/bin/env'), ('ROS_VERSION', '2'), ('XDG_SESSION_CLASS', 'user'), ('USERNAME', 'dmitry'), ('GNOME_DESKTOP_SESSION_ID', 'this-is-deprecated'), ('ROS_LOCALHOST_ONLY', '0'), ('WINDOWPATH', '2'), ('PATH', '/opt/ros/humble/bin:/home/dmitry/.local/bin:/usr/local/sbin:/usr/local/bin:/usr/sbin:/usr/bin:/sbin:/bin:/usr/games:/usr/local/games:/snap/bin:/snap/bin'), ('INVOCATION_ID', 'e7b13a870503479db6923e7a26c19210'), ('PAPERSIZE', 'a4'), ('SESSION_MANAGER', 'local/dmitry-IdeaPad-Gaming-3-15IAH7:@/tmp/.ICE-unix/2267,unix/dmitry-IdeaPad-Gaming-3-15IAH7:/tmp/.ICE-unix/2267'), ('LC_ADDRESS', 'ru_RU.UTF-8'), ('XDG_MENU_PREFIX', 'gnome-'), ('XDG_RUNTIME_DIR', '/run/user/1000'), ('DISPLAY', ':1'), ('LANG', 'ru_RU.UTF-8'), ('LC_TELEPHONE', 'ru_RU.UTF-8'), ('XDG_CURRENT_DESKTOP', 'ubuntu:GNOME'), ('XAUTHORITY', '/run/user/1000/gdm/Xauthority'), ('XDG_SESSION_DESKTOP', 'ubuntu'), ('XMODIFIERS', '@im'), ('AMENT_PREFIX_PATH', '/home/dmitry/Documents/lab_first_sem/ws_supervised/install/move_to_point_server:/home/dmitry/Documents/lab_first_sem/ws_supervised/install/move_to_point_action:/home/dmitry/Documents/lab_first_sem/ws_supervised/install/gui_control:/home/dmitry/Documents/lab_first_sem/ws_supervised/install/control_launch:/opt/ros/humble'), ('SSH_AGENT_LAUNCHER', 'gnome-keyring'), ('SSH_AUTH_SOCK', '/run/user/1000/keyring/ssh'), ('LC_NAME', 'ru_RU.UTF-8'), ('SHELL', '/bin/bash'), ('GDMSESSION', 'ubuntu'), ('QT_ACCESSIBILITY', '1'), ('LC_MEASUREMENT', 'ru_RU.UTF-8'), ('GJS_DEBUG_OUTPUT', 'stderr'), ('GPG_AGENT_INFO', '/run/user/1000/gnupg/S.gpg-agent:0:1'), ('LC_IDENTIFICATION', 'ru_RU.UTF-8'), ('QT_IM_MODULE', 'ibus'), ('PWD', '/home/dmitry/Documents/lab_first_sem/ws_supervised/build/move_to_point_server'), ('XDG_CONFIG_DIRS', '/etc/xdg/xdg-ubuntu:/etc/xdg'), ('XDG_DATA_DIRS', '/usr/share/ubuntu:/usr/share/gnome:/usr/local/share/:/usr/share/:/var/lib/snapd/desktop'), ('LC_NUMERIC', 'ru_RU.UTF-8'), ('PYTHONPATH', '/home/dmitry/Documents/lab_first_sem/ws_supervised/install/move_to_point_action/local/lib/python3.10/dist-packages:/opt/ros/humble/lib/python3.10/site-packages:/opt/ros/humble/local/lib/python3.10/dist-packages'), ('LC_PAPER', 'ru_RU.UTF-8'), ('COLCON', '1'), ('CMAKE_PREFIX_PATH', '/home/dmitry/Documents/lab_first_sem/ws_supervised/install/move_to_point_server:/home/dmitry/Documents/lab_first_sem/ws_supervised/install/move_to_point_action:/home/dmitry/Documents/lab_first_sem/ws_supervised/install/gui_control:/home/dmitry/Documents/lab_first_sem/ws_supervised/install/control_launch:/opt/ros/humble')]), 'shell': False}
[0.099827] (-) TimerEvent: {}
[0.129483] (gui_control) StdoutLine: {'line': b'-- The C compiler identification is GNU 11.4.0\n'}
[0.129768] (move_to_point_server) StdoutLine: {'line': b'-- The C compiler identification is GNU 11.4.0\n'}
[0.129823] (control_launch) StdoutLine: {'line': b'-- The C compiler identification is GNU 11.4.0\n'}
[0.129864] (move_to_point_action) StdoutLine: {'line': b'-- The C compiler identification is GNU 11.4.0\n'}
[0.196176] (move_to_point_server) StdoutLine: {'line': b'-- The CXX compiler identification is GNU 11.4.0\n'}
[0.196318] (gui_control) StdoutLine: {'line': b'-- The CXX compiler identification is GNU 11.4.0\n'}
[0.199907] (-) TimerEvent: {}
[0.203857] (move_to_point_action) StdoutLine: {'line': b'-- The CXX compiler identification is GNU 11.4.0\n'}
[0.204055] (control_launch) StdoutLine: {'line': b'-- The CXX compiler identification is GNU 11.4.0\n'}
[0.235622] (move_to_point_server) StdoutLine: {'line': b'-- Detecting C compiler ABI info\n'}
[0.235751] (control_launch) StdoutLine: {'line': b'-- Detecting C compiler ABI info\n'}
[0.235790] (move_to_point_action) StdoutLine: {'line': b'-- Detecting C compiler ABI info\n'}
[0.236503] (gui_control) StdoutLine: {'line': b'-- Detecting C compiler ABI info\n'}
[0.281491] (move_to_point_server) StdoutLine: {'line': b'-- Detecting C compiler ABI info - done\n'}
[0.283007] (move_to_point_action) StdoutLine: {'line': b'-- Detecting C compiler ABI info - done\n'}
[0.287370] (move_to_point_server) StdoutLine: {'line': b'-- Check for working C compiler: /usr/bin/cc - skipped\n'}
[0.287634] (move_to_point_server) StdoutLine: {'line': b'-- Detecting C compile features\n'}
[0.287721] (move_to_point_server) StdoutLine: {'line': b'-- Detecting C compile features - done\n'}
[0.287798] (gui_control) StdoutLine: {'line': b'-- Detecting C compiler ABI info - done\n'}
[0.289344] (move_to_point_server) StdoutLine: {'line': b'-- Detecting CXX compiler ABI info\n'}
[0.291151] (move_to_point_action) StdoutLine: {'line': b'-- Check for working C compiler: /usr/bin/cc - skipped\n'}
[0.291348] (move_to_point_action) StdoutLine: {'line': b'-- Detecting C compile features\n'}
[0.291790] (move_to_point_action) StdoutLine: {'line': b'-- Detecting C compile features - done\n'}
[0.292012] (gui_control) StdoutLine: {'line': b'-- Check for working C compiler: /usr/bin/cc - skipped\n'}
[0.292079] (gui_control) StdoutLine: {'line': b'-- Detecting C compile features\n'}
[0.292292] (gui_control) StdoutLine: {'line': b'-- Detecting C compile features - done\n'}
[0.295483] (control_launch) StdoutLine: {'line': b'-- Detecting C compiler ABI info - done\n'}
[0.295569] (gui_control) StdoutLine: {'line': b'-- Detecting CXX compiler ABI info\n'}
[0.295602] (move_to_point_action) StdoutLine: {'line': b'-- Detecting CXX compiler ABI info\n'}
[0.300000] (-) TimerEvent: {}
[0.300300] (control_launch) StdoutLine: {'line': b'-- Check for working C compiler: /usr/bin/cc - skipped\n'}
[0.300511] (control_launch) StdoutLine: {'line': b'-- Detecting C compile features\n'}
[0.300663] (control_launch) StdoutLine: {'line': b'-- Detecting C compile features - done\n'}
[0.302714] (control_launch) StdoutLine: {'line': b'-- Detecting CXX compiler ABI info\n'}
[0.350874] (gui_control) StdoutLine: {'line': b'-- Detecting CXX compiler ABI info - done\n'}
[0.354002] (move_to_point_server) StdoutLine: {'line': b'-- Detecting CXX compiler ABI info - done\n'}
[0.355254] (move_to_point_action) StdoutLine: {'line': b'-- Detecting CXX compiler ABI info - done\n'}
[0.356807] (gui_control) StdoutLine: {'line': b'-- Check for working CXX compiler: /usr/bin/c++ - skipped\n'}
[0.357011] (gui_control) StdoutLine: {'line': b'-- Detecting CXX compile features\n'}
[0.357246] (gui_control) StdoutLine: {'line': b'-- Detecting CXX compile features - done\n'}
[0.361615] (gui_control) StdoutLine: {'line': b'-- Found ament_cmake: 1.3.13 (/opt/ros/humble/share/ament_cmake/cmake)\n'}
[0.362572] (move_to_point_server) StdoutLine: {'line': b'-- Check for working CXX compiler: /usr/bin/c++ - skipped\n'}
[0.362801] (control_launch) StdoutLine: {'line': b'-- Detecting CXX compiler ABI info - done\n'}
[0.362880] (move_to_point_server) StdoutLine: {'line': b'-- Detecting CXX compile features\n'}
[0.363228] (move_to_point_server) StdoutLine: {'line': b'-- Detecting CXX compile features - done\n'}
[0.363619] (move_to_point_action) StdoutLine: {'line': b'-- Check for working CXX compiler: /usr/bin/c++ - skipped\n'}
[0.364016] (move_to_point_action) StdoutLine: {'line': b'-- Detecting CXX compile features\n'}
[0.364432] (move_to_point_action) StdoutLine: {'line': b'-- Detecting CXX compile features - done\n'}
[0.366221] (move_to_point_server) StdoutLine: {'line': b'-- Found ament_cmake: 1.3.13 (/opt/ros/humble/share/ament_cmake/cmake)\n'}
[0.366664] (move_to_point_action) StdoutLine: {'line': b'-- Found ament_cmake: 1.3.13 (/opt/ros/humble/share/ament_cmake/cmake)\n'}
[0.371061] (control_launch) StdoutLine: {'line': b'-- Check for working CXX compiler: /usr/bin/c++ - skipped\n'}
[0.371257] (control_launch) StdoutLine: {'line': b'-- Detecting CXX compile features\n'}
[0.371796] (control_launch) StdoutLine: {'line': b'-- Detecting CXX compile features - done\n'}
[0.374671] (control_launch) StdoutLine: {'line': b'-- Found ament_cmake: 1.3.13 (/opt/ros/humble/share/ament_cmake/cmake)\n'}
[0.400119] (-) TimerEvent: {}
[0.500453] (-) TimerEvent: {}
[0.600709] (-) TimerEvent: {}
[0.625961] (gui_control) StdoutLine: {'line': b'-- Found Python3: /usr/bin/python3 (found version "3.10.12") found components: Interpreter \n'}
[0.636093] (control_launch) StdoutLine: {'line': b'-- Found Python3: /usr/bin/python3 (found version "3.10.12") found components: Interpreter \n'}
[0.637162] (move_to_point_action) StdoutLine: {'line': b'-- Found Python3: /usr/bin/python3 (found version "3.10.12") found components: Interpreter \n'}
[0.643150] (move_to_point_server) StdoutLine: {'line': b'-- Found Python3: /usr/bin/python3 (found version "3.10.12") found components: Interpreter \n'}
[0.700844] (-) TimerEvent: {}
[0.705589] (control_launch) StdoutLine: {'line': b'-- Found ament_lint_auto: 0.12.15 (/opt/ros/humble/share/ament_lint_auto/cmake)\n'}
[0.706791] (move_to_point_action) StdoutLine: {'line': b'-- Found rosidl_default_generators: 1.2.0 (/opt/ros/humble/share/rosidl_default_generators/cmake)\n'}
[0.707308] (gui_control) StdoutLine: {'line': b'-- Found rclcpp: 16.0.19 (/opt/ros/humble/share/rclcpp/cmake)\n'}
[0.707591] (move_to_point_server) StdoutLine: {'line': b'-- Found rclcpp: 16.0.19 (/opt/ros/humble/share/rclcpp/cmake)\n'}
[0.709960] (move_to_point_action) StdoutLine: {'line': b'-- Using all available rosidl_typesupport_c: rosidl_typesupport_fastrtps_c;rosidl_typesupport_introspection_c\n'}
[0.716029] (move_to_point_action) StdoutLine: {'line': b'-- Found rosidl_adapter: 3.1.8 (/opt/ros/humble/share/rosidl_adapter/cmake)\n'}
[0.749242] (move_to_point_server) StdoutLine: {'line': b'-- Found rosidl_generator_c: 3.1.8 (/opt/ros/humble/share/rosidl_generator_c/cmake)\n'}
[0.749507] (gui_control) StdoutLine: {'line': b'-- Found rosidl_generator_c: 3.1.8 (/opt/ros/humble/share/rosidl_generator_c/cmake)\n'}
[0.752574] (move_to_point_server) StdoutLine: {'line': b'-- Found rosidl_adapter: 3.1.8 (/opt/ros/humble/share/rosidl_adapter/cmake)\n'}
[0.752827] (move_to_point_action) StdoutLine: {'line': b'-- Using all available rosidl_typesupport_cpp: rosidl_typesupport_fastrtps_cpp;rosidl_typesupport_introspection_cpp\n'}
[0.752944] (gui_control) StdoutLine: {'line': b'-- Found rosidl_adapter: 3.1.8 (/opt/ros/humble/share/rosidl_adapter/cmake)\n'}
[0.758342] (move_to_point_server) StdoutLine: {'line': b'-- Found rosidl_generator_cpp: 3.1.8 (/opt/ros/humble/share/rosidl_generator_cpp/cmake)\n'}
[0.758483] (gui_control) StdoutLine: {'line': b'-- Found rosidl_generator_cpp: 3.1.8 (/opt/ros/humble/share/rosidl_generator_cpp/cmake)\n'}
[0.758724] (control_launch) StdoutLine: {'line': b"-- Added test 'flake8' to check Python code syntax and style conventions\n"}
[0.759190] (control_launch) StdoutLine: {'line': b"-- Added test 'lint_cmake' to check CMake code style\n"}
[0.759763] (control_launch) StdoutLine: {'line': b"-- Added test 'pep257' to check Python code against some of the docstring style conventions in PEP 257\n"}
[0.760520] (control_launch) StdoutLine: {'line': b"-- Added test 'xmllint' to check XML markup files\n"}
[0.761545] (control_launch) StdoutLine: {'line': b'-- Configuring done\n'}
[0.764124] (control_launch) StdoutLine: {'line': b'-- Generating done\n'}
[0.765127] (control_launch) StdoutLine: {'line': b'-- Build files have been written to: /home/dmitry/Documents/lab_first_sem/ws_supervised/build/control_launch\n'}
[0.766100] (move_to_point_server) StdoutLine: {'line': b'-- Using all available rosidl_typesupport_c: rosidl_typesupport_fastrtps_c;rosidl_typesupport_introspection_c\n'}
[0.766234] (gui_control) StdoutLine: {'line': b'-- Using all available rosidl_typesupport_c: rosidl_typesupport_fastrtps_c;rosidl_typesupport_introspection_c\n'}
[0.768259] (control_launch) CommandEnded: {'returncode': 0}
[0.768585] (control_launch) JobProgress: {'identifier': 'control_launch', 'progress': 'build'}
[0.769073] (control_launch) Command: {'cmd': ['/usr/bin/cmake', '--build', '/home/dmitry/Documents/lab_first_sem/ws_supervised/build/control_launch', '--', '-j16', '-l16'], 'cwd': '/home/dmitry/Documents/lab_first_sem/ws_supervised/build/control_launch', 'env': OrderedDict([('GJS_DEBUG_TOPICS', 'JS ERROR;JS LOG'), ('LANGUAGE', 'ru:en'), ('LC_TIME', 'ru_RU.UTF-8'), ('USER', 'dmitry'), ('XDG_SESSION_TYPE', 'x11'), ('LD_LIBRARY_PATH', '/home/dmitry/Documents/lab_first_sem/ws_supervised/install/move_to_point_action/lib:/usr/lib/x86_64-linux-gnu/gazebo-11/plugins:/opt/ros/humble/opt/rviz_ogre_vendor/lib:/opt/ros/humble/lib/x86_64-linux-gnu:/opt/ros/humble/lib'), ('SHLVL', '1'), ('HOME', '/home/dmitry'), ('DESKTOP_SESSION', 'ubuntu'), ('QTDIR', '/usr/lib/x86_64-linux-gnu/qt5'), ('GIO_LAUNCHED_DESKTOP_FILE', '/home/dmitry/.local/share/applications/org.qt-project.qtcreator.desktop'), ('GNOME_SHELL_SESSION_MODE', 'ubuntu'), ('GTK_MODULES', 'gail:atk-bridge'), ('ROS_PYTHON_VERSION', '3'), ('LC_MONETARY', 'ru_RU.UTF-8'), ('MANAGERPID', '1928'), ('DBUS_SESSION_BUS_ADDRESS', 'unix:path'), ('SYSTEMD_EXEC_PID', '2291'), ('GIO_LAUNCHED_DESKTOP_FILE_PID', '5017'), ('COLCON_PREFIX_PATH', '/home/dmitry/Documents/lab_first_sem/ws_supervised/install'), ('ROS_DISTRO', 'humble'), ('GTK_IM_MODULE', 'ibus'), ('LOGNAME', 'dmitry'), ('JOURNAL_STREAM', '8:21557'), ('_', '/usr/bin/env'), ('ROS_VERSION', '2'), ('XDG_SESSION_CLASS', 'user'), ('USERNAME', 'dmitry'), ('GNOME_DESKTOP_SESSION_ID', 'this-is-deprecated'), ('ROS_LOCALHOST_ONLY', '0'), ('WINDOWPATH', '2'), ('PATH', '/opt/ros/humble/bin:/home/dmitry/.local/bin:/usr/local/sbin:/usr/local/bin:/usr/sbin:/usr/bin:/sbin:/bin:/usr/games:/usr/local/games:/snap/bin:/snap/bin'), ('INVOCATION_ID', 'e7b13a870503479db6923e7a26c19210'), ('PAPERSIZE', 'a4'), ('SESSION_MANAGER', 'local/dmitry-IdeaPad-Gaming-3-15IAH7:@/tmp/.ICE-unix/2267,unix/dmitry-IdeaPad-Gaming-3-15IAH7:/tmp/.ICE-unix/2267'), ('LC_ADDRESS', 'ru_RU.UTF-8'), ('XDG_MENU_PREFIX', 'gnome-'), ('XDG_RUNTIME_DIR', '/run/user/1000'), ('DISPLAY', ':1'), ('LANG', 'ru_RU.UTF-8'), ('LC_TELEPHONE', 'ru_RU.UTF-8'), ('XDG_CURRENT_DESKTOP', 'ubuntu:GNOME'), ('XAUTHORITY', '/run/user/1000/gdm/Xauthority'), ('XDG_SESSION_DESKTOP', 'ubuntu'), ('XMODIFIERS', '@im'), ('AMENT_PREFIX_PATH', '/home/dmitry/Documents/lab_first_sem/ws_supervised/install/move_to_point_server:/home/dmitry/Documents/lab_first_sem/ws_supervised/install/move_to_point_action:/home/dmitry/Documents/lab_first_sem/ws_supervised/install/gui_control:/home/dmitry/Documents/lab_first_sem/ws_supervised/install/control_launch:/opt/ros/humble'), ('SSH_AGENT_LAUNCHER', 'gnome-keyring'), ('SSH_AUTH_SOCK', '/run/user/1000/keyring/ssh'), ('LC_NAME', 'ru_RU.UTF-8'), ('SHELL', '/bin/bash'), ('GDMSESSION', 'ubuntu'), ('QT_ACCESSIBILITY', '1'), ('LC_MEASUREMENT', 'ru_RU.UTF-8'), ('GJS_DEBUG_OUTPUT', 'stderr'), ('GPG_AGENT_INFO', '/run/user/1000/gnupg/S.gpg-agent:0:1'), ('LC_IDENTIFICATION', 'ru_RU.UTF-8'), ('QT_IM_MODULE', 'ibus'), ('PWD', '/home/dmitry/Documents/lab_first_sem/ws_supervised/build/control_launch'), ('XDG_CONFIG_DIRS', '/etc/xdg/xdg-ubuntu:/etc/xdg'), ('XDG_DATA_DIRS', '/usr/share/ubuntu:/usr/share/gnome:/usr/local/share/:/usr/share/:/var/lib/snapd/desktop'), ('LC_NUMERIC', 'ru_RU.UTF-8'), ('PYTHONPATH', '/home/dmitry/Documents/lab_first_sem/ws_supervised/install/move_to_point_action/local/lib/python3.10/dist-packages:/opt/ros/humble/lib/python3.10/site-packages:/opt/ros/humble/local/lib/python3.10/dist-packages'), ('LC_PAPER', 'ru_RU.UTF-8'), ('COLCON', '1'), ('CMAKE_PREFIX_PATH', '/home/dmitry/Documents/lab_first_sem/ws_supervised/install/move_to_point_server:/home/dmitry/Documents/lab_first_sem/ws_supervised/install/move_to_point_action:/home/dmitry/Documents/lab_first_sem/ws_supervised/install/gui_control:/home/dmitry/Documents/lab_first_sem/ws_supervised/install/control_launch:/opt/ros/humble')]), 'shell': False}
[0.776390] (gui_control) StdoutLine: {'line': b'-- Using all available rosidl_typesupport_cpp: rosidl_typesupport_fastrtps_cpp;rosidl_typesupport_introspection_cpp\n'}
[0.776536] (move_to_point_server) StdoutLine: {'line': b'-- Using all available rosidl_typesupport_cpp: rosidl_typesupport_fastrtps_cpp;rosidl_typesupport_introspection_cpp\n'}
[0.780009] (move_to_point_action) StdoutLine: {'line': b'-- Found geometry_msgs: 4.9.1 (/opt/ros/humble/share/geometry_msgs/cmake)\n'}
[0.800096] (control_launch) CommandEnded: {'returncode': 0}
[0.800900] (-) TimerEvent: {}
[0.801007] (control_launch) JobProgress: {'identifier': 'control_launch', 'progress': 'install'}
[0.807802] (control_launch) Command: {'cmd': ['/usr/bin/cmake', '--install', '/home/dmitry/Documents/lab_first_sem/ws_supervised/build/control_launch'], 'cwd': '/home/dmitry/Documents/lab_first_sem/ws_supervised/build/control_launch', 'env': OrderedDict([('GJS_DEBUG_TOPICS', 'JS ERROR;JS LOG'), ('LANGUAGE', 'ru:en'), ('LC_TIME', 'ru_RU.UTF-8'), ('USER', 'dmitry'), ('XDG_SESSION_TYPE', 'x11'), ('LD_LIBRARY_PATH', '/home/dmitry/Documents/lab_first_sem/ws_supervised/install/move_to_point_action/lib:/usr/lib/x86_64-linux-gnu/gazebo-11/plugins:/opt/ros/humble/opt/rviz_ogre_vendor/lib:/opt/ros/humble/lib/x86_64-linux-gnu:/opt/ros/humble/lib'), ('SHLVL', '1'), ('HOME', '/home/dmitry'), ('DESKTOP_SESSION', 'ubuntu'), ('QTDIR', '/usr/lib/x86_64-linux-gnu/qt5'), ('GIO_LAUNCHED_DESKTOP_FILE', '/home/dmitry/.local/share/applications/org.qt-project.qtcreator.desktop'), ('GNOME_SHELL_SESSION_MODE', 'ubuntu'), ('GTK_MODULES', 'gail:atk-bridge'), ('ROS_PYTHON_VERSION', '3'), ('LC_MONETARY', 'ru_RU.UTF-8'), ('MANAGERPID', '1928'), ('DBUS_SESSION_BUS_ADDRESS', 'unix:path'), ('SYSTEMD_EXEC_PID', '2291'), ('GIO_LAUNCHED_DESKTOP_FILE_PID', '5017'), ('COLCON_PREFIX_PATH', '/home/dmitry/Documents/lab_first_sem/ws_supervised/install'), ('ROS_DISTRO', 'humble'), ('GTK_IM_MODULE', 'ibus'), ('LOGNAME', 'dmitry'), ('JOURNAL_STREAM', '8:21557'), ('_', '/usr/bin/env'), ('ROS_VERSION', '2'), ('XDG_SESSION_CLASS', 'user'), ('USERNAME', 'dmitry'), ('GNOME_DESKTOP_SESSION_ID', 'this-is-deprecated'), ('ROS_LOCALHOST_ONLY', '0'), ('WINDOWPATH', '2'), ('PATH', '/opt/ros/humble/bin:/home/dmitry/.local/bin:/usr/local/sbin:/usr/local/bin:/usr/sbin:/usr/bin:/sbin:/bin:/usr/games:/usr/local/games:/snap/bin:/snap/bin'), ('INVOCATION_ID', 'e7b13a870503479db6923e7a26c19210'), ('PAPERSIZE', 'a4'), ('SESSION_MANAGER', 'local/dmitry-IdeaPad-Gaming-3-15IAH7:@/tmp/.ICE-unix/2267,unix/dmitry-IdeaPad-Gaming-3-15IAH7:/tmp/.ICE-unix/2267'), ('LC_ADDRESS', 'ru_RU.UTF-8'), ('XDG_MENU_PREFIX', 'gnome-'), ('XDG_RUNTIME_DIR', '/run/user/1000'), ('DISPLAY', ':1'), ('LANG', 'ru_RU.UTF-8'), ('LC_TELEPHONE', 'ru_RU.UTF-8'), ('XDG_CURRENT_DESKTOP', 'ubuntu:GNOME'), ('XAUTHORITY', '/run/user/1000/gdm/Xauthority'), ('XDG_SESSION_DESKTOP', 'ubuntu'), ('XMODIFIERS', '@im'), ('AMENT_PREFIX_PATH', '/home/dmitry/Documents/lab_first_sem/ws_supervised/install/move_to_point_server:/home/dmitry/Documents/lab_first_sem/ws_supervised/install/move_to_point_action:/home/dmitry/Documents/lab_first_sem/ws_supervised/install/gui_control:/home/dmitry/Documents/lab_first_sem/ws_supervised/install/control_launch:/opt/ros/humble'), ('SSH_AGENT_LAUNCHER', 'gnome-keyring'), ('SSH_AUTH_SOCK', '/run/user/1000/keyring/ssh'), ('LC_NAME', 'ru_RU.UTF-8'), ('SHELL', '/bin/bash'), ('GDMSESSION', 'ubuntu'), ('QT_ACCESSIBILITY', '1'), ('LC_MEASUREMENT', 'ru_RU.UTF-8'), ('GJS_DEBUG_OUTPUT', 'stderr'), ('GPG_AGENT_INFO', '/run/user/1000/gnupg/S.gpg-agent:0:1'), ('LC_IDENTIFICATION', 'ru_RU.UTF-8'), ('QT_IM_MODULE', 'ibus'), ('PWD', '/home/dmitry/Documents/lab_first_sem/ws_supervised/build/control_launch'), ('XDG_CONFIG_DIRS', '/etc/xdg/xdg-ubuntu:/etc/xdg'), ('XDG_DATA_DIRS', '/usr/share/ubuntu:/usr/share/gnome:/usr/local/share/:/usr/share/:/var/lib/snapd/desktop'), ('LC_NUMERIC', 'ru_RU.UTF-8'), ('PYTHONPATH', '/home/dmitry/Documents/lab_first_sem/ws_supervised/install/move_to_point_action/local/lib/python3.10/dist-packages:/opt/ros/humble/lib/python3.10/site-packages:/opt/ros/humble/local/lib/python3.10/dist-packages'), ('LC_PAPER', 'ru_RU.UTF-8'), ('COLCON', '1'), ('CMAKE_PREFIX_PATH', '/home/dmitry/Documents/lab_first_sem/ws_supervised/install/move_to_point_server:/home/dmitry/Documents/lab_first_sem/ws_supervised/install/move_to_point_action:/home/dmitry/Documents/lab_first_sem/ws_supervised/install/gui_control:/home/dmitry/Documents/lab_first_sem/ws_supervised/install/control_launch:/opt/ros/humble')]), 'shell': False}
[0.812573] (control_launch) StdoutLine: {'line': b'-- Install configuration: "Debug"\n'}
[0.812841] (control_launch) StdoutLine: {'line': b'-- Up-to-date: /home/dmitry/Documents/lab_first_sem/ws_supervised/install/control_launch/share/control_launch/launch\n'}
[0.812978] (control_launch) StdoutLine: {'line': b'-- Up-to-date: /home/dmitry/Documents/lab_first_sem/ws_supervised/install/control_launch/share/control_launch/launch/control_turtle_launch.py\n'}
[0.813107] (control_launch) StdoutLine: {'line': b'-- Installing: /home/dmitry/Documents/lab_first_sem/ws_supervised/install/control_launch/share/ament_index/resource_index/package_run_dependencies/control_launch\n'}
[0.813217] (control_launch) StdoutLine: {'line': b'-- Installing: /home/dmitry/Documents/lab_first_sem/ws_supervised/install/control_launch/share/ament_index/resource_index/parent_prefix_path/control_launch\n'}
[0.813333] (control_launch) StdoutLine: {'line': b'-- Installing: /home/dmitry/Documents/lab_first_sem/ws_supervised/install/control_launch/share/control_launch/environment/ament_prefix_path.sh\n'}
[0.813449] (control_launch) StdoutLine: {'line': b'-- Installing: /home/dmitry/Documents/lab_first_sem/ws_supervised/install/control_launch/share/control_launch/environment/ament_prefix_path.dsv\n'}
[0.813512] (control_launch) StdoutLine: {'line': b'-- Installing: /home/dmitry/Documents/lab_first_sem/ws_supervised/install/control_launch/share/control_launch/environment/path.sh\n'}
[0.813573] (control_launch) StdoutLine: {'line': b'-- Installing: /home/dmitry/Documents/lab_first_sem/ws_supervised/install/control_launch/share/control_launch/environment/path.dsv\n'}
[0.813643] (control_launch) StdoutLine: {'line': b'-- Installing: /home/dmitry/Documents/lab_first_sem/ws_supervised/install/control_launch/share/control_launch/local_setup.bash\n'}
[0.813708] (control_launch) StdoutLine: {'line': b'-- Installing: /home/dmitry/Documents/lab_first_sem/ws_supervised/install/control_launch/share/control_launch/local_setup.sh\n'}
[0.813768] (control_launch) StdoutLine: {'line': b'-- Installing: /home/dmitry/Documents/lab_first_sem/ws_supervised/install/control_launch/share/control_launch/local_setup.zsh\n'}
[0.813828] (control_launch) StdoutLine: {'line': b'-- Installing: /home/dmitry/Documents/lab_first_sem/ws_supervised/install/control_launch/share/control_launch/local_setup.dsv\n'}
[0.813887] (control_launch) StdoutLine: {'line': b'-- Installing: /home/dmitry/Documents/lab_first_sem/ws_supervised/install/control_launch/share/control_launch/package.dsv\n'}
[0.813984] (control_launch) StdoutLine: {'line': b'-- Installing: /home/dmitry/Documents/lab_first_sem/ws_supervised/install/control_launch/share/ament_index/resource_index/packages/control_launch\n'}
[0.814308] (control_launch) StdoutLine: {'line': b'-- Installing: /home/dmitry/Documents/lab_first_sem/ws_supervised/install/control_launch/share/control_launch/cmake/control_launchConfig.cmake\n'}
[0.814506] (control_launch) StdoutLine: {'line': b'-- Installing: /home/dmitry/Documents/lab_first_sem/ws_supervised/install/control_launch/share/control_launch/cmake/control_launchConfig-version.cmake\n'}
[0.814642] (control_launch) StdoutLine: {'line': b'-- Up-to-date: /home/dmitry/Documents/lab_first_sem/ws_supervised/install/control_launch/share/control_launch/package.xml\n'}
[0.814815] (control_launch) CommandEnded: {'returncode': 0}
[0.836212] (control_launch) JobEnded: {'identifier': 'control_launch', 'rc': 0}
[0.836502] (move_to_point_server) StdoutLine: {'line': b'-- Found rmw_implementation_cmake: 6.1.2 (/opt/ros/humble/share/rmw_implementation_cmake/cmake)\n'}
[0.836597] (move_to_point_server) StdoutLine: {'line': b'-- Found rmw_fastrtps_cpp: 6.2.10 (/opt/ros/humble/share/rmw_fastrtps_cpp/cmake)\n'}
[0.836664] (gui_control) StdoutLine: {'line': b'-- Found rmw_implementation_cmake: 6.1.2 (/opt/ros/humble/share/rmw_implementation_cmake/cmake)\n'}
[0.836733] (gui_control) StdoutLine: {'line': b'-- Found rmw_fastrtps_cpp: 6.2.10 (/opt/ros/humble/share/rmw_fastrtps_cpp/cmake)\n'}
[0.836794] (move_to_point_action) StdoutLine: {'line': b'-- Found ament_lint_auto: 0.12.15 (/opt/ros/humble/share/ament_lint_auto/cmake)\n'}
[0.890791] (move_to_point_server) StdoutLine: {'line': b'-- Found OpenSSL: /usr/lib/x86_64-linux-gnu/libcrypto.so (found version "3.0.2")  \n'}
[0.890969] (gui_control) StdoutLine: {'line': b'-- Found OpenSSL: /usr/lib/x86_64-linux-gnu/libcrypto.so (found version "3.0.2")  \n'}
[0.901043] (-) TimerEvent: {}
[0.913547] (gui_control) StdoutLine: {'line': b'-- Found FastRTPS: /opt/ros/humble/include  \n'}
[0.914305] (move_to_point_server) StdoutLine: {'line': b'-- Found FastRTPS: /opt/ros/humble/include  \n'}
[0.940836] (gui_control) StdoutLine: {'line': b"-- Using RMW implementation 'rmw_fastrtps_cpp' as default\n"}
[0.944782] (move_to_point_server) StdoutLine: {'line': b"-- Using RMW implementation 'rmw_fastrtps_cpp' as default\n"}
[0.950243] (gui_control) StdoutLine: {'line': b'-- Looking for pthread.h\n'}
[0.950400] (move_to_point_server) StdoutLine: {'line': b'-- Looking for pthread.h\n'}
[1.001152] (-) TimerEvent: {}
[1.011993] (gui_control) StdoutLine: {'line': b'-- Looking for pthread.h - found\n'}
[1.012240] (gui_control) StdoutLine: {'line': b'-- Performing Test CMAKE_HAVE_LIBC_PTHREAD\n'}
[1.016620] (move_to_point_server) StdoutLine: {'line': b'-- Looking for pthread.h - found\n'}
[1.016911] (move_to_point_server) StdoutLine: {'line': b'-- Performing Test CMAKE_HAVE_LIBC_PTHREAD\n'}
[1.069845] (move_to_point_server) StdoutLine: {'line': b'-- Performing Test CMAKE_HAVE_LIBC_PTHREAD - Success\n'}
[1.071072] (move_to_point_server) StdoutLine: {'line': b'-- Found Threads: TRUE  \n'}
[1.071437] (gui_control) StdoutLine: {'line': b'-- Performing Test CMAKE_HAVE_LIBC_PTHREAD - Success\n'}
[1.071543] (move_to_point_action) StdoutLine: {'line': b'-- Found ament_cmake_ros: 0.10.0 (/opt/ros/humble/share/ament_cmake_ros/cmake)\n'}
[1.072218] (gui_control) StdoutLine: {'line': b'-- Found Threads: TRUE  \n'}
[1.101278] (-) TimerEvent: {}
[1.113533] (gui_control) StdoutLine: {'line': b'-- Found std_srvs: 4.9.1 (/opt/ros/humble/share/std_srvs/cmake)\n'}
[1.115501] (move_to_point_server) StdoutLine: {'line': b'-- Found rclcpp_action: 16.0.18 (/opt/ros/humble/share/rclcpp_action/cmake)\n'}
[1.125770] (gui_control) StdoutLine: {'line': b'-- Found turtlesim: 1.4.3 (/opt/ros/humble/share/turtlesim/cmake)\n'}
[1.144120] (move_to_point_server) StdoutLine: {'line': b'-- Found turtlesim: 1.4.3 (/opt/ros/humble/share/turtlesim/cmake)\n'}
[1.151777] (move_to_point_server) StdoutLine: {'line': b'-- Found move_to_point_action: 0.0.0 (/home/dmitry/Documents/lab_first_sem/ws_supervised/install/move_to_point_action/share/move_to_point_action/cmake)\n'}
[1.151893] (gui_control) StdoutLine: {'line': b'-- Found rclcpp_action: 16.0.18 (/opt/ros/humble/share/rclcpp_action/cmake)\n'}
[1.157591] (gui_control) StdoutLine: {'line': b'-- Found move_to_point_action: 0.0.0 (/home/dmitry/Documents/lab_first_sem/ws_supervised/install/move_to_point_action/share/move_to_point_action/cmake)\n'}
[1.170737] (move_to_point_server) StdoutLine: {'line': b'-- Found ament_lint_auto: 0.12.15 (/opt/ros/humble/share/ament_lint_auto/cmake)\n'}
[1.192624] (gui_control) StdoutLine: {'line': b'-- Found ament_lint_auto: 0.12.15 (/opt/ros/humble/share/ament_lint_auto/cmake)\n'}
[1.201345] (-) TimerEvent: {}
[1.223188] (move_to_point_server) StdoutLine: {'line': b"-- Added test 'cppcheck' to perform static code analysis on C / C++ code\n"}
[1.223348] (move_to_point_server) StdoutLine: {'line': b'-- Configured cppcheck include dirs: \n'}
[1.223418] (move_to_point_server) StdoutLine: {'line': b'-- Configured cppcheck exclude dirs and/or files: \n'}
[1.223623] (move_to_point_server) StdoutLine: {'line': b"-- Added test 'lint_cmake' to check CMake code style\n"}
[1.224082] (move_to_point_server) StdoutLine: {'line': b"-- Added test 'uncrustify' to check C / C++ code style\n"}
[1.224213] (move_to_point_server) StdoutLine: {'line': b'-- Configured uncrustify additional arguments: \n'}
[1.224448] (move_to_point_server) StdoutLine: {'line': b"-- Added test 'xmllint' to check XML markup files\n"}
[1.224891] (move_to_point_server) StdoutLine: {'line': b'-- Configuring done\n'}
[1.238409] (move_to_point_server) StdoutLine: {'line': b'-- Generating done\n'}
[1.240941] (move_to_point_server) StdoutLine: {'line': b'-- Build files have been written to: /home/dmitry/Documents/lab_first_sem/ws_supervised/build/move_to_point_server\n'}
[1.247379] (move_to_point_server) CommandEnded: {'returncode': 0}
[1.247705] (move_to_point_server) JobProgress: {'identifier': 'move_to_point_server', 'progress': 'build'}
[1.247730] (move_to_point_server) Command: {'cmd': ['/usr/bin/cmake', '--build', '/home/dmitry/Documents/lab_first_sem/ws_supervised/build/move_to_point_server', '--', '-j16', '-l16'], 'cwd': '/home/dmitry/Documents/lab_first_sem/ws_supervised/build/move_to_point_server', 'env': OrderedDict([('GJS_DEBUG_TOPICS', 'JS ERROR;JS LOG'), ('LANGUAGE', 'ru:en'), ('LC_TIME', 'ru_RU.UTF-8'), ('USER', 'dmitry'), ('XDG_SESSION_TYPE', 'x11'), ('LD_LIBRARY_PATH', '/home/dmitry/Documents/lab_first_sem/ws_supervised/install/move_to_point_action/lib:/usr/lib/x86_64-linux-gnu/gazebo-11/plugins:/opt/ros/humble/opt/rviz_ogre_vendor/lib:/opt/ros/humble/lib/x86_64-linux-gnu:/opt/ros/humble/lib'), ('SHLVL', '1'), ('HOME', '/home/dmitry'), ('DESKTOP_SESSION', 'ubuntu'), ('QTDIR', '/usr/lib/x86_64-linux-gnu/qt5'), ('GIO_LAUNCHED_DESKTOP_FILE', '/home/dmitry/.local/share/applications/org.qt-project.qtcreator.desktop'), ('GNOME_SHELL_SESSION_MODE', 'ubuntu'), ('GTK_MODULES', 'gail:atk-bridge'), ('ROS_PYTHON_VERSION', '3'), ('LC_MONETARY', 'ru_RU.UTF-8'), ('MANAGERPID', '1928'), ('DBUS_SESSION_BUS_ADDRESS', 'unix:path'), ('SYSTEMD_EXEC_PID', '2291'), ('GIO_LAUNCHED_DESKTOP_FILE_PID', '5017'), ('COLCON_PREFIX_PATH', '/home/dmitry/Documents/lab_first_sem/ws_supervised/install'), ('ROS_DISTRO', 'humble'), ('GTK_IM_MODULE', 'ibus'), ('LOGNAME', 'dmitry'), ('JOURNAL_STREAM', '8:21557'), ('_', '/usr/bin/env'), ('ROS_VERSION', '2'), ('XDG_SESSION_CLASS', 'user'), ('USERNAME', 'dmitry'), ('GNOME_DESKTOP_SESSION_ID', 'this-is-deprecated'), ('ROS_LOCALHOST_ONLY', '0'), ('WINDOWPATH', '2'), ('PATH', '/opt/ros/humble/bin:/home/dmitry/.local/bin:/usr/local/sbin:/usr/local/bin:/usr/sbin:/usr/bin:/sbin:/bin:/usr/games:/usr/local/games:/snap/bin:/snap/bin'), ('INVOCATION_ID', 'e7b13a870503479db6923e7a26c19210'), ('PAPERSIZE', 'a4'), ('SESSION_MANAGER', 'local/dmitry-IdeaPad-Gaming-3-15IAH7:@/tmp/.ICE-unix/2267,unix/dmitry-IdeaPad-Gaming-3-15IAH7:/tmp/.ICE-unix/2267'), ('LC_ADDRESS', 'ru_RU.UTF-8'), ('XDG_MENU_PREFIX', 'gnome-'), ('XDG_RUNTIME_DIR', '/run/user/1000'), ('DISPLAY', ':1'), ('LANG', 'ru_RU.UTF-8'), ('LC_TELEPHONE', 'ru_RU.UTF-8'), ('XDG_CURRENT_DESKTOP', 'ubuntu:GNOME'), ('XAUTHORITY', '/run/user/1000/gdm/Xauthority'), ('XDG_SESSION_DESKTOP', 'ubuntu'), ('XMODIFIERS', '@im'), ('AMENT_PREFIX_PATH', '/home/dmitry/Documents/lab_first_sem/ws_supervised/install/move_to_point_server:/home/dmitry/Documents/lab_first_sem/ws_supervised/install/move_to_point_action:/home/dmitry/Documents/lab_first_sem/ws_supervised/install/gui_control:/home/dmitry/Documents/lab_first_sem/ws_supervised/install/control_launch:/opt/ros/humble'), ('SSH_AGENT_LAUNCHER', 'gnome-keyring'), ('SSH_AUTH_SOCK', '/run/user/1000/keyring/ssh'), ('LC_NAME', 'ru_RU.UTF-8'), ('SHELL', '/bin/bash'), ('GDMSESSION', 'ubuntu'), ('QT_ACCESSIBILITY', '1'), ('LC_MEASUREMENT', 'ru_RU.UTF-8'), ('GJS_DEBUG_OUTPUT', 'stderr'), ('GPG_AGENT_INFO', '/run/user/1000/gnupg/S.gpg-agent:0:1'), ('LC_IDENTIFICATION', 'ru_RU.UTF-8'), ('QT_IM_MODULE', 'ibus'), ('PWD', '/home/dmitry/Documents/lab_first_sem/ws_supervised/build/move_to_point_server'), ('XDG_CONFIG_DIRS', '/etc/xdg/xdg-ubuntu:/etc/xdg'), ('XDG_DATA_DIRS', '/usr/share/ubuntu:/usr/share/gnome:/usr/local/share/:/usr/share/:/var/lib/snapd/desktop'), ('LC_NUMERIC', 'ru_RU.UTF-8'), ('PYTHONPATH', '/home/dmitry/Documents/lab_first_sem/ws_supervised/install/move_to_point_action/local/lib/python3.10/dist-packages:/opt/ros/humble/lib/python3.10/site-packages:/opt/ros/humble/local/lib/python3.10/dist-packages'), ('LC_PAPER', 'ru_RU.UTF-8'), ('COLCON', '1'), ('CMAKE_PREFIX_PATH', '/home/dmitry/Documents/lab_first_sem/ws_supervised/install/move_to_point_server:/home/dmitry/Documents/lab_first_sem/ws_supervised/install/move_to_point_action:/home/dmitry/Documents/lab_first_sem/ws_supervised/install/gui_control:/home/dmitry/Documents/lab_first_sem/ws_supervised/install/control_launch:/opt/ros/humble')]), 'shell': False}
[1.248861] (gui_control) StdoutLine: {'line': b"-- Added test 'cppcheck' to perform static code analysis on C / C++ code\n"}
[1.248996] (gui_control) StdoutLine: {'line': b'-- Configured cppcheck include dirs: /home/dmitry/Documents/lab_first_sem/ws_supervised/src/gui_control/include\n'}
[1.249068] (gui_control) StdoutLine: {'line': b'-- Configured cppcheck exclude dirs and/or files: \n'}
[1.249355] (gui_control) StdoutLine: {'line': b"-- Added test 'lint_cmake' to check CMake code style\n"}
[1.249597] (move_to_point_action) StdoutLine: {'line': b'-- Using all available rosidl_typesupport_c: rosidl_typesupport_fastrtps_c;rosidl_typesupport_introspection_c\n'}
[1.249713] (gui_control) StdoutLine: {'line': b"-- Added test 'uncrustify' to check C / C++ code style\n"}
[1.249779] (gui_control) StdoutLine: {'line': b'-- Configured uncrustify additional arguments: \n'}
[1.249983] (gui_control) StdoutLine: {'line': b"-- Added test 'xmllint' to check XML markup files\n"}
[1.250577] (gui_control) StdoutLine: {'line': b'-- Configuring done\n'}
[1.282255] (move_to_point_server) StdoutLine: {'line': b'[ 50%] Building CXX object CMakeFiles/move_to_point_server_node.dir/src/move_to_point_server_node.cpp.o\n'}
[1.296896] (gui_control) StdoutLine: {'line': b'-- Generating done\n'}
[1.301432] (gui_control) StdoutLine: {'line': b'-- Build files have been written to: /home/dmitry/Documents/lab_first_sem/ws_supervised/build/gui_control\n'}
[1.301560] (-) TimerEvent: {}
[1.309290] (gui_control) CommandEnded: {'returncode': 0}
[1.310734] (gui_control) JobProgress: {'identifier': 'gui_control', 'progress': 'build'}
[1.310769] (gui_control) Command: {'cmd': ['/usr/bin/cmake', '--build', '/home/dmitry/Documents/lab_first_sem/ws_supervised/build/gui_control', '--', '-j16', '-l16'], 'cwd': '/home/dmitry/Documents/lab_first_sem/ws_supervised/build/gui_control', 'env': OrderedDict([('GJS_DEBUG_TOPICS', 'JS ERROR;JS LOG'), ('LANGUAGE', 'ru:en'), ('LC_TIME', 'ru_RU.UTF-8'), ('USER', 'dmitry'), ('XDG_SESSION_TYPE', 'x11'), ('LD_LIBRARY_PATH', '/home/dmitry/Documents/lab_first_sem/ws_supervised/install/move_to_point_action/lib:/usr/lib/x86_64-linux-gnu/gazebo-11/plugins:/opt/ros/humble/opt/rviz_ogre_vendor/lib:/opt/ros/humble/lib/x86_64-linux-gnu:/opt/ros/humble/lib'), ('SHLVL', '1'), ('HOME', '/home/dmitry'), ('DESKTOP_SESSION', 'ubuntu'), ('QTDIR', '/usr/lib/x86_64-linux-gnu/qt5'), ('GIO_LAUNCHED_DESKTOP_FILE', '/home/dmitry/.local/share/applications/org.qt-project.qtcreator.desktop'), ('GNOME_SHELL_SESSION_MODE', 'ubuntu'), ('GTK_MODULES', 'gail:atk-bridge'), ('ROS_PYTHON_VERSION', '3'), ('LC_MONETARY', 'ru_RU.UTF-8'), ('MANAGERPID', '1928'), ('DBUS_SESSION_BUS_ADDRESS', 'unix:path'), ('SYSTEMD_EXEC_PID', '2291'), ('GIO_LAUNCHED_DESKTOP_FILE_PID', '5017'), ('COLCON_PREFIX_PATH', '/home/dmitry/Documents/lab_first_sem/ws_supervised/install'), ('ROS_DISTRO', 'humble'), ('GTK_IM_MODULE', 'ibus'), ('LOGNAME', 'dmitry'), ('JOURNAL_STREAM', '8:21557'), ('_', '/usr/bin/env'), ('ROS_VERSION', '2'), ('XDG_SESSION_CLASS', 'user'), ('USERNAME', 'dmitry'), ('GNOME_DESKTOP_SESSION_ID', 'this-is-deprecated'), ('ROS_LOCALHOST_ONLY', '0'), ('WINDOWPATH', '2'), ('PATH', '/opt/ros/humble/bin:/home/dmitry/.local/bin:/usr/local/sbin:/usr/local/bin:/usr/sbin:/usr/bin:/sbin:/bin:/usr/games:/usr/local/games:/snap/bin:/snap/bin'), ('INVOCATION_ID', 'e7b13a870503479db6923e7a26c19210'), ('PAPERSIZE', 'a4'), ('SESSION_MANAGER', 'local/dmitry-IdeaPad-Gaming-3-15IAH7:@/tmp/.ICE-unix/2267,unix/dmitry-IdeaPad-Gaming-3-15IAH7:/tmp/.ICE-unix/2267'), ('LC_ADDRESS', 'ru_RU.UTF-8'), ('XDG_MENU_PREFIX', 'gnome-'), ('XDG_RUNTIME_DIR', '/run/user/1000'), ('DISPLAY', ':1'), ('LANG', 'ru_RU.UTF-8'), ('LC_TELEPHONE', 'ru_RU.UTF-8'), ('XDG_CURRENT_DESKTOP', 'ubuntu:GNOME'), ('XAUTHORITY', '/run/user/1000/gdm/Xauthority'), ('XDG_SESSION_DESKTOP', 'ubuntu'), ('XMODIFIERS', '@im'), ('AMENT_PREFIX_PATH', '/home/dmitry/Documents/lab_first_sem/ws_supervised/install/move_to_point_server:/home/dmitry/Documents/lab_first_sem/ws_supervised/install/move_to_point_action:/home/dmitry/Documents/lab_first_sem/ws_supervised/install/gui_control:/home/dmitry/Documents/lab_first_sem/ws_supervised/install/control_launch:/opt/ros/humble'), ('SSH_AGENT_LAUNCHER', 'gnome-keyring'), ('SSH_AUTH_SOCK', '/run/user/1000/keyring/ssh'), ('LC_NAME', 'ru_RU.UTF-8'), ('SHELL', '/bin/bash'), ('GDMSESSION', 'ubuntu'), ('QT_ACCESSIBILITY', '1'), ('LC_MEASUREMENT', 'ru_RU.UTF-8'), ('GJS_DEBUG_OUTPUT', 'stderr'), ('GPG_AGENT_INFO', '/run/user/1000/gnupg/S.gpg-agent:0:1'), ('LC_IDENTIFICATION', 'ru_RU.UTF-8'), ('QT_IM_MODULE', 'ibus'), ('PWD', '/home/dmitry/Documents/lab_first_sem/ws_supervised/build/gui_control'), ('XDG_CONFIG_DIRS', '/etc/xdg/xdg-ubuntu:/etc/xdg'), ('XDG_DATA_DIRS', '/usr/share/ubuntu:/usr/share/gnome:/usr/local/share/:/usr/share/:/var/lib/snapd/desktop'), ('LC_NUMERIC', 'ru_RU.UTF-8'), ('PYTHONPATH', '/home/dmitry/Documents/lab_first_sem/ws_supervised/install/move_to_point_action/local/lib/python3.10/dist-packages:/opt/ros/humble/lib/python3.10/site-packages:/opt/ros/humble/local/lib/python3.10/dist-packages'), ('LC_PAPER', 'ru_RU.UTF-8'), ('COLCON', '1'), ('CMAKE_PREFIX_PATH', '/home/dmitry/Documents/lab_first_sem/ws_supervised/install/move_to_point_server:/home/dmitry/Documents/lab_first_sem/ws_supervised/install/move_to_point_action:/home/dmitry/Documents/lab_first_sem/ws_supervised/install/gui_control:/home/dmitry/Documents/lab_first_sem/ws_supervised/install/control_launch:/opt/ros/humble')]), 'shell': False}
[1.345622] (gui_control) StdoutLine: {'line': b'[ 20%] Automatic MOC and UIC for target gui_control\n'}
[1.401671] (-) TimerEvent: {}
[1.472509] (move_to_point_action) StdoutLine: {'line': b'-- Using all available rosidl_typesupport_cpp: rosidl_typesupport_fastrtps_cpp;rosidl_typesupport_introspection_cpp\n'}
[1.492408] (move_to_point_action) StdoutLine: {'line': b'-- Found PythonInterp: /usr/bin/python3 (found suitable version "3.10.12", minimum required is "3.6") \n'}
[1.494963] (move_to_point_action) StdoutLine: {'line': b'-- Found python_cmake_module: 0.10.0 (/opt/ros/humble/share/python_cmake_module/cmake)\n'}
[1.501775] (-) TimerEvent: {}
[1.519034] (move_to_point_action) StdoutLine: {'line': b'-- Found PythonLibs: /usr/lib/x86_64-linux-gnu/libpython3.10.so (found suitable version "3.10.12", minimum required is "3.5") \n'}
[1.519199] (move_to_point_action) StdoutLine: {'line': b'-- Using PYTHON_EXECUTABLE: /usr/bin/python3\n'}
[1.519271] (move_to_point_action) StdoutLine: {'line': b'-- Using PYTHON_INCLUDE_DIRS: /usr/include/python3.10\n'}
[1.519351] (move_to_point_action) StdoutLine: {'line': b'-- Using PYTHON_LIBRARIES: /usr/lib/x86_64-linux-gnu/libpython3.10.so\n'}
[1.534258] (move_to_point_action) StdoutLine: {'line': b'-- Found PythonExtra: .so  \n'}
[1.593220] (move_to_point_action) StdoutLine: {'line': b"-- Added test 'lint_cmake' to check CMake code style\n"}
[1.593719] (move_to_point_action) StdoutLine: {'line': b"-- Added test 'xmllint' to check XML markup files\n"}
[1.599425] (move_to_point_action) StdoutLine: {'line': b'-- Configuring done\n'}
[1.601878] (-) TimerEvent: {}
[1.627540] (move_to_point_action) StdoutLine: {'line': b'-- Generating done\n'}
[1.635926] (move_to_point_action) StdoutLine: {'line': b'-- Build files have been written to: /home/dmitry/Documents/lab_first_sem/ws_supervised/build/move_to_point_action\n'}
[1.643074] (move_to_point_action) CommandEnded: {'returncode': 0}
[1.644239] (move_to_point_action) JobProgress: {'identifier': 'move_to_point_action', 'progress': 'build'}
[1.644288] (move_to_point_action) Command: {'cmd': ['/usr/bin/cmake', '--build', '/home/dmitry/Documents/lab_first_sem/ws_supervised/build/move_to_point_action', '--', '-j16', '-l16'], 'cwd': '/home/dmitry/Documents/lab_first_sem/ws_supervised/build/move_to_point_action', 'env': OrderedDict([('GJS_DEBUG_TOPICS', 'JS ERROR;JS LOG'), ('LANGUAGE', 'ru:en'), ('LC_TIME', 'ru_RU.UTF-8'), ('USER', 'dmitry'), ('XDG_SESSION_TYPE', 'x11'), ('LD_LIBRARY_PATH', '/home/dmitry/Documents/lab_first_sem/ws_supervised/install/move_to_point_action/lib:/usr/lib/x86_64-linux-gnu/gazebo-11/plugins:/opt/ros/humble/opt/rviz_ogre_vendor/lib:/opt/ros/humble/lib/x86_64-linux-gnu:/opt/ros/humble/lib'), ('SHLVL', '1'), ('HOME', '/home/dmitry'), ('DESKTOP_SESSION', 'ubuntu'), ('QTDIR', '/usr/lib/x86_64-linux-gnu/qt5'), ('GIO_LAUNCHED_DESKTOP_FILE', '/home/dmitry/.local/share/applications/org.qt-project.qtcreator.desktop'), ('GNOME_SHELL_SESSION_MODE', 'ubuntu'), ('GTK_MODULES', 'gail:atk-bridge'), ('ROS_PYTHON_VERSION', '3'), ('LC_MONETARY', 'ru_RU.UTF-8'), ('MANAGERPID', '1928'), ('DBUS_SESSION_BUS_ADDRESS', 'unix:path'), ('SYSTEMD_EXEC_PID', '2291'), ('GIO_LAUNCHED_DESKTOP_FILE_PID', '5017'), ('COLCON_PREFIX_PATH', '/home/dmitry/Documents/lab_first_sem/ws_supervised/install'), ('ROS_DISTRO', 'humble'), ('GTK_IM_MODULE', 'ibus'), ('LOGNAME', 'dmitry'), ('JOURNAL_STREAM', '8:21557'), ('_', '/usr/bin/env'), ('ROS_VERSION', '2'), ('XDG_SESSION_CLASS', 'user'), ('USERNAME', 'dmitry'), ('GNOME_DESKTOP_SESSION_ID', 'this-is-deprecated'), ('ROS_LOCALHOST_ONLY', '0'), ('WINDOWPATH', '2'), ('PATH', '/opt/ros/humble/bin:/home/dmitry/.local/bin:/usr/local/sbin:/usr/local/bin:/usr/sbin:/usr/bin:/sbin:/bin:/usr/games:/usr/local/games:/snap/bin:/snap/bin'), ('INVOCATION_ID', 'e7b13a870503479db6923e7a26c19210'), ('PAPERSIZE', 'a4'), ('SESSION_MANAGER', 'local/dmitry-IdeaPad-Gaming-3-15IAH7:@/tmp/.ICE-unix/2267,unix/dmitry-IdeaPad-Gaming-3-15IAH7:/tmp/.ICE-unix/2267'), ('LC_ADDRESS', 'ru_RU.UTF-8'), ('XDG_MENU_PREFIX', 'gnome-'), ('XDG_RUNTIME_DIR', '/run/user/1000'), ('DISPLAY', ':1'), ('LANG', 'ru_RU.UTF-8'), ('LC_TELEPHONE', 'ru_RU.UTF-8'), ('XDG_CURRENT_DESKTOP', 'ubuntu:GNOME'), ('XAUTHORITY', '/run/user/1000/gdm/Xauthority'), ('XDG_SESSION_DESKTOP', 'ubuntu'), ('XMODIFIERS', '@im'), ('AMENT_PREFIX_PATH', '/home/dmitry/Documents/lab_first_sem/ws_supervised/install/move_to_point_server:/home/dmitry/Documents/lab_first_sem/ws_supervised/install/move_to_point_action:/home/dmitry/Documents/lab_first_sem/ws_supervised/install/gui_control:/home/dmitry/Documents/lab_first_sem/ws_supervised/install/control_launch:/opt/ros/humble'), ('SSH_AGENT_LAUNCHER', 'gnome-keyring'), ('SSH_AUTH_SOCK', '/run/user/1000/keyring/ssh'), ('LC_NAME', 'ru_RU.UTF-8'), ('SHELL', '/bin/bash'), ('GDMSESSION', 'ubuntu'), ('QT_ACCESSIBILITY', '1'), ('LC_MEASUREMENT', 'ru_RU.UTF-8'), ('GJS_DEBUG_OUTPUT', 'stderr'), ('GPG_AGENT_INFO', '/run/user/1000/gnupg/S.gpg-agent:0:1'), ('LC_IDENTIFICATION', 'ru_RU.UTF-8'), ('QT_IM_MODULE', 'ibus'), ('PWD', '/home/dmitry/Documents/lab_first_sem/ws_supervised/build/move_to_point_action'), ('XDG_CONFIG_DIRS', '/etc/xdg/xdg-ubuntu:/etc/xdg'), ('XDG_DATA_DIRS', '/usr/share/ubuntu:/usr/share/gnome:/usr/local/share/:/usr/share/:/var/lib/snapd/desktop'), ('LC_NUMERIC', 'ru_RU.UTF-8'), ('PYTHONPATH', '/home/dmitry/Documents/lab_first_sem/ws_supervised/install/move_to_point_action/local/lib/python3.10/dist-packages:/opt/ros/humble/lib/python3.10/site-packages:/opt/ros/humble/local/lib/python3.10/dist-packages'), ('LC_PAPER', 'ru_RU.UTF-8'), ('COLCON', '1'), ('CMAKE_PREFIX_PATH', '/home/dmitry/Documents/lab_first_sem/ws_supervised/install/move_to_point_server:/home/dmitry/Documents/lab_first_sem/ws_supervised/install/move_to_point_action:/home/dmitry/Documents/lab_first_sem/ws_supervised/install/gui_control:/home/dmitry/Documents/lab_first_sem/ws_supervised/install/control_launch:/opt/ros/humble')]), 'shell': False}
[1.680544] (move_to_point_action) StdoutLine: {'line': b'[  3%] Generating C code for ROS interfaces\n'}
[1.687072] (move_to_point_action) StdoutLine: {'line': b'[  6%] Generating C++ code for ROS interfaces\n'}
[1.695712] (move_to_point_action) StdoutLine: {'line': b'[  6%] Built target ament_cmake_python_copy_move_to_point_action\n'}
[1.702010] (-) TimerEvent: {}
[1.802317] (-) TimerEvent: {}
[1.822411] (gui_control) StdoutLine: {'line': b'[ 20%] Built target gui_control_autogen\n'}
[1.841951] (gui_control) StdoutLine: {'line': b'[ 40%] Building CXX object CMakeFiles/gui_control.dir/src/gui_control.cpp.o\n'}
[1.843588] (gui_control) StdoutLine: {'line': b'[ 60%] Building CXX object CMakeFiles/gui_control.dir/gui_control_autogen/mocs_compilation.cpp.o\n'}
[1.843837] (gui_control) StdoutLine: {'line': b'[ 80%] Building CXX object CMakeFiles/gui_control.dir/src/mainwindow.cpp.o\n'}
[1.879711] (move_to_point_action) StdoutLine: {'line': b'running egg_info\n'}
[1.902148] (move_to_point_action) StdoutLine: {'line': b'creating move_to_point_action.egg-info\n'}
[1.902420] (-) TimerEvent: {}
[1.902547] (move_to_point_action) StdoutLine: {'line': b'writing move_to_point_action.egg-info/PKG-INFO\n'}
[1.902797] (move_to_point_action) StdoutLine: {'line': b'writing dependency_links to move_to_point_action.egg-info/dependency_links.txt\n'}
[1.903124] (move_to_point_action) StdoutLine: {'line': b'writing top-level names to move_to_point_action.egg-info/top_level.txt\n'}
[1.903298] (move_to_point_action) StdoutLine: {'line': b"writing manifest file 'move_to_point_action.egg-info/SOURCES.txt'\n"}
[1.966902] (move_to_point_action) StdoutLine: {'line': b"reading manifest file 'move_to_point_action.egg-info/SOURCES.txt'\n"}
[1.967592] (move_to_point_action) StdoutLine: {'line': b"writing manifest file 'move_to_point_action.egg-info/SOURCES.txt'\n"}
[1.993144] (move_to_point_action) StdoutLine: {'line': b'[  6%] Built target ament_cmake_python_build_move_to_point_action_egg\n'}
[2.002532] (-) TimerEvent: {}
[2.012439] (move_to_point_action) StdoutLine: {'line': b'[  6%] Built target move_to_point_action__cpp\n'}
[2.019810] (move_to_point_action) StdoutLine: {'line': b'[  9%] Generating C++ type support dispatch for ROS interfaces\n'}
[2.023509] (move_to_point_action) StdoutLine: {'line': b'[ 12%] Generating C++ type support for eProsima Fast-RTPS\n'}
[2.023715] (move_to_point_action) StdoutLine: {'line': b'[ 16%] Generating C++ introspection for ROS interfaces\n'}
[2.102625] (-) TimerEvent: {}
[2.202897] (-) TimerEvent: {}
[2.208038] (move_to_point_action) StdoutLine: {'line': b'[ 19%] Building C object CMakeFiles/move_to_point_action__rosidl_generator_c.dir/rosidl_generator_c/move_to_point_action/action/detail/move_to_point__functions.c.o\n'}
[2.303039] (-) TimerEvent: {}
[2.329575] (move_to_point_action) StdoutLine: {'line': b'[ 22%] Linking C shared library libmove_to_point_action__rosidl_generator_c.so\n'}
[2.367730] (move_to_point_action) StdoutLine: {'line': b'[ 22%] Built target move_to_point_action__rosidl_generator_c\n'}
[2.377615] (move_to_point_action) StdoutLine: {'line': b'[ 29%] Generating C introspection for ROS interfaces\n'}
[2.377835] (move_to_point_action) StdoutLine: {'line': b'[ 29%] Generating C type support dispatch for ROS interfaces\n'}
[2.380271] (move_to_point_action) StdoutLine: {'line': b'[ 32%] Generating C type support for eProsima Fast-RTPS\n'}
[2.387414] (move_to_point_action) StdoutLine: {'line': b'[ 35%] Building CXX object CMakeFiles/move_to_point_action__rosidl_typesupport_cpp.dir/rosidl_typesupport_cpp/move_to_point_action/action/move_to_point__type_support.cpp.o\n'}
[2.403175] (-) TimerEvent: {}
[2.446189] (move_to_point_action) StdoutLine: {'line': b'[ 38%] Building CXX object CMakeFiles/move_to_point_action__rosidl_typesupport_introspection_cpp.dir/rosidl_typesupport_introspection_cpp/move_to_point_action/action/detail/move_to_point__type_support.cpp.o\n'}
[2.503321] (-) TimerEvent: {}
[2.552423] (move_to_point_action) StdoutLine: {'line': b'[ 41%] Building CXX object CMakeFiles/move_to_point_action__rosidl_typesupport_fastrtps_cpp.dir/rosidl_typesupport_fastrtps_cpp/move_to_point_action/action/detail/dds_fastrtps/move_to_point__type_support.cpp.o\n'}
[2.603402] (-) TimerEvent: {}
[2.690214] (move_to_point_action) StdoutLine: {'line': b'[ 45%] Building CXX object CMakeFiles/move_to_point_action__rosidl_typesupport_c.dir/rosidl_typesupport_c/move_to_point_action/action/move_to_point__type_support.cpp.o\n'}
[2.703535] (-) TimerEvent: {}
[2.738071] (move_to_point_action) StdoutLine: {'line': b'[ 48%] Linking CXX shared library libmove_to_point_action__rosidl_typesupport_c.so\n'}
[2.747359] (move_to_point_action) StdoutLine: {'line': b'[ 51%] Building CXX object CMakeFiles/move_to_point_action__rosidl_typesupport_fastrtps_c.dir/rosidl_typesupport_fastrtps_c/move_to_point_action/action/detail/move_to_point__type_support_c.cpp.o\n'}
[2.779383] (move_to_point_action) StdoutLine: {'line': b'[ 51%] Built target move_to_point_action__rosidl_typesupport_c\n'}
[2.803661] (-) TimerEvent: {}
[2.813525] (move_to_point_action) StdoutLine: {'line': b'[ 54%] Linking CXX shared library libmove_to_point_action__rosidl_typesupport_cpp.so\n'}
[2.855078] (move_to_point_action) StdoutLine: {'line': b'[ 54%] Built target move_to_point_action__rosidl_typesupport_cpp\n'}
[2.879797] (move_to_point_action) StdoutLine: {'line': b'[ 58%] Building C object CMakeFiles/move_to_point_action__rosidl_typesupport_introspection_c.dir/rosidl_typesupport_introspection_c/move_to_point_action/action/detail/move_to_point__type_support.c.o\n'}
[2.903776] (-) TimerEvent: {}
[2.921921] (move_to_point_action) StdoutLine: {'line': b'[ 61%] Linking C shared library libmove_to_point_action__rosidl_typesupport_introspection_c.so\n'}
[2.949247] (move_to_point_action) StdoutLine: {'line': b'[ 61%] Built target move_to_point_action__rosidl_typesupport_introspection_c\n'}
[3.003886] (-) TimerEvent: {}
[3.104191] (-) TimerEvent: {}
[3.116533] (move_to_point_action) StdoutLine: {'line': b'[ 64%] Linking CXX shared library libmove_to_point_action__rosidl_typesupport_fastrtps_cpp.so\n'}
[3.186226] (move_to_point_action) StdoutLine: {'line': b'[ 64%] Built target move_to_point_action__rosidl_typesupport_fastrtps_cpp\n'}
[3.204297] (-) TimerEvent: {}
[3.297729] (move_to_point_action) StdoutLine: {'line': b'[ 67%] Linking CXX shared library libmove_to_point_action__rosidl_typesupport_introspection_cpp.so\n'}
[3.298124] (move_to_point_action) StdoutLine: {'line': b'[ 70%] Linking CXX shared library libmove_to_point_action__rosidl_typesupport_fastrtps_c.so\n'}
[3.304343] (-) TimerEvent: {}
[3.366719] (move_to_point_action) StdoutLine: {'line': b'[ 70%] Built target move_to_point_action__rosidl_typesupport_introspection_cpp\n'}
[3.397947] (move_to_point_action) StdoutLine: {'line': b'[ 70%] Built target move_to_point_action__rosidl_typesupport_fastrtps_c\n'}
[3.404446] (-) TimerEvent: {}
[3.415726] (move_to_point_action) StdoutLine: {'line': b'[ 70%] Built target move_to_point_action\n'}
[3.432296] (move_to_point_action) StdoutLine: {'line': b'[ 74%] Generating Python code for ROS interfaces\n'}
[3.504543] (-) TimerEvent: {}
[3.604829] (-) TimerEvent: {}
[3.705189] (-) TimerEvent: {}
[3.805504] (-) TimerEvent: {}
[3.905807] (-) TimerEvent: {}
[3.928041] (move_to_point_action) StdoutLine: {'line': b'[ 74%] Built target move_to_point_action__py\n'}
[3.931624] (move_to_point_server) StderrLine: {'line': b'/home/dmitry/Documents/lab_first_sem/ws_supervised/src/move_to_point_server/src/move_to_point_server_node.cpp: In member function \xe2\x80\x98rclcpp_action::GoalResponse MoveToPointServer::handle_goal(const GoalUUID&, std::shared_ptr<const move_to_point_action::action::MoveToPoint_Goal_<std::allocator<void> > >)\xe2\x80\x99:\n'}
[3.931902] (move_to_point_server) StderrLine: {'line': b'/home/dmitry/Documents/lab_first_sem/ws_supervised/src/move_to_point_server/src/move_to_point_server_node.cpp:74:76: warning: unused parameter \xe2\x80\x98uuid\xe2\x80\x99 [-Wunused-parameter]\n'}
[3.932024] (move_to_point_server) StderrLine: {'line': b'   74 |     rclcpp_action::GoalResponse handle_goal(const rclcpp_action::GoalUUID &uuid, // \xd0\x98\xd0\xb4\xd0\xb5\xd0\xbd\xd1\x82\xd0\xb8\xd1\x84\xd0\xb8\xd0\xba\xd0\xb0\xd1\x82\xd0\xbe\xd1\x80\n'}
[3.932128] (move_to_point_server) StderrLine: {'line': b'      |                                             ~~~~~~~~~~~~~~~~~~~~~~~~~~~~~~~^~~~\n'}
[3.932777] (move_to_point_server) StderrLine: {'line': b'/home/dmitry/Documents/lab_first_sem/ws_supervised/src/move_to_point_server/src/move_to_point_server_node.cpp: In member function \xe2\x80\x98rclcpp_action::CancelResponse MoveToPointServer::handle_cancel(std::shared_ptr<rclcpp_action::ServerGoalHandle<move_to_point_action::action::MoveToPoint> >)\xe2\x80\x99:\n'}
[3.932964] (move_to_point_server) StderrLine: {'line': b'/home/dmitry/Documents/lab_first_sem/ws_supervised/src/move_to_point_server/src/move_to_point_server_node.cpp:96:54: warning: unused parameter \xe2\x80\x98goal_handle\xe2\x80\x99 [-Wunused-parameter]\n'}
[3.933079] (move_to_point_server) StderrLine: {'line': b'   96 |         const std::shared_ptr<GoalHandleMoveToPoint> goal_handle)\n'}
[3.933164] (move_to_point_server) StderrLine: {'line': b'      |         ~~~~~~~~~~~~~~~~~~~~~~~~~~~~~~~~~~~~~~~~~~~~~^~~~~~~~~~~\n'}
[3.949724] (move_to_point_action) StdoutLine: {'line': b'[ 77%] Building C object CMakeFiles/move_to_point_action__rosidl_generator_py.dir/rosidl_generator_py/move_to_point_action/action/_move_to_point_s.c.o\n'}
[4.005957] (-) TimerEvent: {}
[4.106314] (-) TimerEvent: {}
[4.120442] (move_to_point_action) StdoutLine: {'line': b'[ 80%] Linking C shared library rosidl_generator_py/move_to_point_action/libmove_to_point_action__rosidl_generator_py.so\n'}
[4.171048] (move_to_point_action) StdoutLine: {'line': b'[ 80%] Built target move_to_point_action__rosidl_generator_py\n'}
[4.187456] (move_to_point_action) StdoutLine: {'line': b'[ 83%] Building C object CMakeFiles/move_to_point_action__rosidl_typesupport_c__pyext.dir/rosidl_generator_py/move_to_point_action/_move_to_point_action_s.ep.rosidl_typesupport_c.c.o\n'}
[4.192946] (move_to_point_action) StdoutLine: {'line': b'[ 90%] Building C object CMakeFiles/move_to_point_action__rosidl_typesupport_introspection_c__pyext.dir/rosidl_generator_py/move_to_point_action/_move_to_point_action_s.ep.rosidl_typesupport_introspection_c.c.o\n'}
[4.193234] (move_to_point_action) StdoutLine: {'line': b'[ 90%] Building C object CMakeFiles/move_to_point_action__rosidl_typesupport_fastrtps_c__pyext.dir/rosidl_generator_py/move_to_point_action/_move_to_point_action_s.ep.rosidl_typesupport_fastrtps_c.c.o\n'}
[4.206450] (-) TimerEvent: {}
[4.286276] (move_to_point_action) StdoutLine: {'line': b'[ 93%] Linking C shared library rosidl_generator_py/move_to_point_action/move_to_point_action_s__rosidl_typesupport_c.cpython-310-x86_64-linux-gnu.so\n'}
[4.306562] (-) TimerEvent: {}
[4.321361] (move_to_point_action) StdoutLine: {'line': b'[ 96%] Linking C shared library rosidl_generator_py/move_to_point_action/move_to_point_action_s__rosidl_typesupport_introspection_c.cpython-310-x86_64-linux-gnu.so\n'}
[4.341966] (move_to_point_action) StdoutLine: {'line': b'[ 96%] Built target move_to_point_action__rosidl_typesupport_c__pyext\n'}
[4.350943] (move_to_point_action) StdoutLine: {'line': b'[100%] Linking C shared library rosidl_generator_py/move_to_point_action/move_to_point_action_s__rosidl_typesupport_fastrtps_c.cpython-310-x86_64-linux-gnu.so\n'}
[4.360176] (move_to_point_action) StdoutLine: {'line': b'[100%] Built target move_to_point_action__rosidl_typesupport_introspection_c__pyext\n'}
[4.400851] (move_to_point_action) StdoutLine: {'line': b'[100%] Built target move_to_point_action__rosidl_typesupport_fastrtps_c__pyext\n'}
[4.406694] (-) TimerEvent: {}
[4.412483] (move_to_point_action) CommandEnded: {'returncode': 0}
[4.413227] (move_to_point_action) JobProgress: {'identifier': 'move_to_point_action', 'progress': 'install'}
[4.413281] (move_to_point_action) Command: {'cmd': ['/usr/bin/cmake', '--install', '/home/dmitry/Documents/lab_first_sem/ws_supervised/build/move_to_point_action'], 'cwd': '/home/dmitry/Documents/lab_first_sem/ws_supervised/build/move_to_point_action', 'env': OrderedDict([('GJS_DEBUG_TOPICS', 'JS ERROR;JS LOG'), ('LANGUAGE', 'ru:en'), ('LC_TIME', 'ru_RU.UTF-8'), ('USER', 'dmitry'), ('XDG_SESSION_TYPE', 'x11'), ('LD_LIBRARY_PATH', '/home/dmitry/Documents/lab_first_sem/ws_supervised/install/move_to_point_action/lib:/usr/lib/x86_64-linux-gnu/gazebo-11/plugins:/opt/ros/humble/opt/rviz_ogre_vendor/lib:/opt/ros/humble/lib/x86_64-linux-gnu:/opt/ros/humble/lib'), ('SHLVL', '1'), ('HOME', '/home/dmitry'), ('DESKTOP_SESSION', 'ubuntu'), ('QTDIR', '/usr/lib/x86_64-linux-gnu/qt5'), ('GIO_LAUNCHED_DESKTOP_FILE', '/home/dmitry/.local/share/applications/org.qt-project.qtcreator.desktop'), ('GNOME_SHELL_SESSION_MODE', 'ubuntu'), ('GTK_MODULES', 'gail:atk-bridge'), ('ROS_PYTHON_VERSION', '3'), ('LC_MONETARY', 'ru_RU.UTF-8'), ('MANAGERPID', '1928'), ('DBUS_SESSION_BUS_ADDRESS', 'unix:path'), ('SYSTEMD_EXEC_PID', '2291'), ('GIO_LAUNCHED_DESKTOP_FILE_PID', '5017'), ('COLCON_PREFIX_PATH', '/home/dmitry/Documents/lab_first_sem/ws_supervised/install'), ('ROS_DISTRO', 'humble'), ('GTK_IM_MODULE', 'ibus'), ('LOGNAME', 'dmitry'), ('JOURNAL_STREAM', '8:21557'), ('_', '/usr/bin/env'), ('ROS_VERSION', '2'), ('XDG_SESSION_CLASS', 'user'), ('USERNAME', 'dmitry'), ('GNOME_DESKTOP_SESSION_ID', 'this-is-deprecated'), ('ROS_LOCALHOST_ONLY', '0'), ('WINDOWPATH', '2'), ('PATH', '/opt/ros/humble/bin:/home/dmitry/.local/bin:/usr/local/sbin:/usr/local/bin:/usr/sbin:/usr/bin:/sbin:/bin:/usr/games:/usr/local/games:/snap/bin:/snap/bin'), ('INVOCATION_ID', 'e7b13a870503479db6923e7a26c19210'), ('PAPERSIZE', 'a4'), ('SESSION_MANAGER', 'local/dmitry-IdeaPad-Gaming-3-15IAH7:@/tmp/.ICE-unix/2267,unix/dmitry-IdeaPad-Gaming-3-15IAH7:/tmp/.ICE-unix/2267'), ('LC_ADDRESS', 'ru_RU.UTF-8'), ('XDG_MENU_PREFIX', 'gnome-'), ('XDG_RUNTIME_DIR', '/run/user/1000'), ('DISPLAY', ':1'), ('LANG', 'ru_RU.UTF-8'), ('LC_TELEPHONE', 'ru_RU.UTF-8'), ('XDG_CURRENT_DESKTOP', 'ubuntu:GNOME'), ('XAUTHORITY', '/run/user/1000/gdm/Xauthority'), ('XDG_SESSION_DESKTOP', 'ubuntu'), ('XMODIFIERS', '@im'), ('AMENT_PREFIX_PATH', '/home/dmitry/Documents/lab_first_sem/ws_supervised/install/move_to_point_server:/home/dmitry/Documents/lab_first_sem/ws_supervised/install/move_to_point_action:/home/dmitry/Documents/lab_first_sem/ws_supervised/install/gui_control:/home/dmitry/Documents/lab_first_sem/ws_supervised/install/control_launch:/opt/ros/humble'), ('SSH_AGENT_LAUNCHER', 'gnome-keyring'), ('SSH_AUTH_SOCK', '/run/user/1000/keyring/ssh'), ('LC_NAME', 'ru_RU.UTF-8'), ('SHELL', '/bin/bash'), ('GDMSESSION', 'ubuntu'), ('QT_ACCESSIBILITY', '1'), ('LC_MEASUREMENT', 'ru_RU.UTF-8'), ('GJS_DEBUG_OUTPUT', 'stderr'), ('GPG_AGENT_INFO', '/run/user/1000/gnupg/S.gpg-agent:0:1'), ('LC_IDENTIFICATION', 'ru_RU.UTF-8'), ('QT_IM_MODULE', 'ibus'), ('PWD', '/home/dmitry/Documents/lab_first_sem/ws_supervised/build/move_to_point_action'), ('XDG_CONFIG_DIRS', '/etc/xdg/xdg-ubuntu:/etc/xdg'), ('XDG_DATA_DIRS', '/usr/share/ubuntu:/usr/share/gnome:/usr/local/share/:/usr/share/:/var/lib/snapd/desktop'), ('LC_NUMERIC', 'ru_RU.UTF-8'), ('PYTHONPATH', '/home/dmitry/Documents/lab_first_sem/ws_supervised/install/move_to_point_action/local/lib/python3.10/dist-packages:/opt/ros/humble/lib/python3.10/site-packages:/opt/ros/humble/local/lib/python3.10/dist-packages'), ('LC_PAPER', 'ru_RU.UTF-8'), ('COLCON', '1'), ('CMAKE_PREFIX_PATH', '/home/dmitry/Documents/lab_first_sem/ws_supervised/install/move_to_point_server:/home/dmitry/Documents/lab_first_sem/ws_supervised/install/move_to_point_action:/home/dmitry/Documents/lab_first_sem/ws_supervised/install/gui_control:/home/dmitry/Documents/lab_first_sem/ws_supervised/install/control_launch:/opt/ros/humble')]), 'shell': False}
[4.423118] (move_to_point_action) StdoutLine: {'line': b'-- Install configuration: "Debug"\n'}
[4.423314] (move_to_point_action) StdoutLine: {'line': b'-- Installing: /home/dmitry/Documents/lab_first_sem/ws_supervised/install/move_to_point_action/share/ament_index/resource_index/rosidl_interfaces/move_to_point_action\n'}
[4.423559] (move_to_point_action) StdoutLine: {'line': b'-- Up-to-date: /home/dmitry/Documents/lab_first_sem/ws_supervised/install/move_to_point_action/include/move_to_point_action/move_to_point_action\n'}
[4.423698] (move_to_point_action) StdoutLine: {'line': b'-- Up-to-date: /home/dmitry/Documents/lab_first_sem/ws_supervised/install/move_to_point_action/include/move_to_point_action/move_to_point_action/action\n'}
[4.423776] (move_to_point_action) StdoutLine: {'line': b'-- Up-to-date: /home/dmitry/Documents/lab_first_sem/ws_supervised/install/move_to_point_action/include/move_to_point_action/move_to_point_action/action/detail\n'}
[4.423869] (move_to_point_action) StdoutLine: {'line': b'-- Installing: /home/dmitry/Documents/lab_first_sem/ws_supervised/install/move_to_point_action/include/move_to_point_action/move_to_point_action/action/detail/move_to_point__struct.h\n'}
[4.424004] (move_to_point_action) StdoutLine: {'line': b'-- Installing: /home/dmitry/Documents/lab_first_sem/ws_supervised/install/move_to_point_action/include/move_to_point_action/move_to_point_action/action/detail/move_to_point__functions.c\n'}
[4.424134] (move_to_point_action) StdoutLine: {'line': b'-- Installing: /home/dmitry/Documents/lab_first_sem/ws_supervised/install/move_to_point_action/include/move_to_point_action/move_to_point_action/action/detail/move_to_point__type_support.h\n'}
[4.424211] (move_to_point_action) StdoutLine: {'line': b'-- Installing: /home/dmitry/Documents/lab_first_sem/ws_supervised/install/move_to_point_action/include/move_to_point_action/move_to_point_action/action/detail/move_to_point__functions.h\n'}
[4.424384] (move_to_point_action) StdoutLine: {'line': b'-- Installing: /home/dmitry/Documents/lab_first_sem/ws_supervised/install/move_to_point_action/include/move_to_point_action/move_to_point_action/action/move_to_point.h\n'}
[4.424631] (move_to_point_action) StdoutLine: {'line': b'-- Up-to-date: /home/dmitry/Documents/lab_first_sem/ws_supervised/install/move_to_point_action/include/move_to_point_action/move_to_point_action/msg\n'}
[4.424716] (move_to_point_action) StdoutLine: {'line': b'-- Installing: /home/dmitry/Documents/lab_first_sem/ws_supervised/install/move_to_point_action/include/move_to_point_action/move_to_point_action/msg/rosidl_generator_c__visibility_control.h\n'}
[4.424855] (move_to_point_action) StdoutLine: {'line': b'-- Installing: /home/dmitry/Documents/lab_first_sem/ws_supervised/install/move_to_point_action/share/move_to_point_action/environment/library_path.sh\n'}
[4.425011] (move_to_point_action) StdoutLine: {'line': b'-- Installing: /home/dmitry/Documents/lab_first_sem/ws_supervised/install/move_to_point_action/share/move_to_point_action/environment/library_path.dsv\n'}
[4.425352] (move_to_point_action) StdoutLine: {'line': b'-- Installing: /home/dmitry/Documents/lab_first_sem/ws_supervised/install/move_to_point_action/lib/libmove_to_point_action__rosidl_generator_c.so\n'}
[4.425869] (move_to_point_action) StdoutLine: {'line': b'-- Set runtime path of "/home/dmitry/Documents/lab_first_sem/ws_supervised/install/move_to_point_action/lib/libmove_to_point_action__rosidl_generator_c.so" to ""\n'}
[4.426118] (move_to_point_action) StdoutLine: {'line': b'-- Up-to-date: /home/dmitry/Documents/lab_first_sem/ws_supervised/install/move_to_point_action/include/move_to_point_action/move_to_point_action\n'}
[4.426282] (move_to_point_action) StdoutLine: {'line': b'-- Up-to-date: /home/dmitry/Documents/lab_first_sem/ws_supervised/install/move_to_point_action/include/move_to_point_action/move_to_point_action/action\n'}
[4.426369] (move_to_point_action) StdoutLine: {'line': b'-- Up-to-date: /home/dmitry/Documents/lab_first_sem/ws_supervised/install/move_to_point_action/include/move_to_point_action/move_to_point_action/action/detail\n'}
[4.426441] (move_to_point_action) StdoutLine: {'line': b'-- Installing: /home/dmitry/Documents/lab_first_sem/ws_supervised/install/move_to_point_action/include/move_to_point_action/move_to_point_action/action/detail/move_to_point__rosidl_typesupport_fastrtps_c.h\n'}
[4.426516] (move_to_point_action) StdoutLine: {'line': b'-- Up-to-date: /home/dmitry/Documents/lab_first_sem/ws_supervised/install/move_to_point_action/include/move_to_point_action/move_to_point_action/msg\n'}
[4.426645] (move_to_point_action) StdoutLine: {'line': b'-- Installing: /home/dmitry/Documents/lab_first_sem/ws_supervised/install/move_to_point_action/include/move_to_point_action/move_to_point_action/msg/rosidl_typesupport_fastrtps_c__visibility_control.h\n'}
[4.426718] (move_to_point_action) StdoutLine: {'line': b'-- Installing: /home/dmitry/Documents/lab_first_sem/ws_supervised/install/move_to_point_action/lib/libmove_to_point_action__rosidl_typesupport_fastrtps_c.so\n'}
[4.427342] (move_to_point_action) StdoutLine: {'line': b'-- Set runtime path of "/home/dmitry/Documents/lab_first_sem/ws_supervised/install/move_to_point_action/lib/libmove_to_point_action__rosidl_typesupport_fastrtps_c.so" to ""\n'}
[4.427588] (move_to_point_action) StdoutLine: {'line': b'-- Up-to-date: /home/dmitry/Documents/lab_first_sem/ws_supervised/install/move_to_point_action/include/move_to_point_action/move_to_point_action\n'}
[4.427799] (move_to_point_action) StdoutLine: {'line': b'-- Up-to-date: /home/dmitry/Documents/lab_first_sem/ws_supervised/install/move_to_point_action/include/move_to_point_action/move_to_point_action/action\n'}
[4.427891] (move_to_point_action) StdoutLine: {'line': b'-- Up-to-date: /home/dmitry/Documents/lab_first_sem/ws_supervised/install/move_to_point_action/include/move_to_point_action/move_to_point_action/action/detail\n'}
[4.427981] (move_to_point_action) StdoutLine: {'line': b'-- Installing: /home/dmitry/Documents/lab_first_sem/ws_supervised/install/move_to_point_action/include/move_to_point_action/move_to_point_action/action/detail/move_to_point__rosidl_typesupport_introspection_c.h\n'}
[4.428133] (move_to_point_action) StdoutLine: {'line': b'-- Installing: /home/dmitry/Documents/lab_first_sem/ws_supervised/install/move_to_point_action/include/move_to_point_action/move_to_point_action/action/detail/move_to_point__type_support.c\n'}
[4.428215] (move_to_point_action) StdoutLine: {'line': b'-- Up-to-date: /home/dmitry/Documents/lab_first_sem/ws_supervised/install/move_to_point_action/include/move_to_point_action/move_to_point_action/msg\n'}
[4.428329] (move_to_point_action) StdoutLine: {'line': b'-- Installing: /home/dmitry/Documents/lab_first_sem/ws_supervised/install/move_to_point_action/include/move_to_point_action/move_to_point_action/msg/rosidl_typesupport_introspection_c__visibility_control.h\n'}
[4.428415] (move_to_point_action) StdoutLine: {'line': b'-- Installing: /home/dmitry/Documents/lab_first_sem/ws_supervised/install/move_to_point_action/lib/libmove_to_point_action__rosidl_typesupport_introspection_c.so\n'}
[4.428661] (move_to_point_action) StdoutLine: {'line': b'-- Set runtime path of "/home/dmitry/Documents/lab_first_sem/ws_supervised/install/move_to_point_action/lib/libmove_to_point_action__rosidl_typesupport_introspection_c.so" to ""\n'}
[4.428823] (move_to_point_action) StdoutLine: {'line': b'-- Installing: /home/dmitry/Documents/lab_first_sem/ws_supervised/install/move_to_point_action/lib/libmove_to_point_action__rosidl_typesupport_c.so\n'}
[4.429239] (move_to_point_action) StdoutLine: {'line': b'-- Set runtime path of "/home/dmitry/Documents/lab_first_sem/ws_supervised/install/move_to_point_action/lib/libmove_to_point_action__rosidl_typesupport_c.so" to ""\n'}
[4.429505] (move_to_point_action) StdoutLine: {'line': b'-- Up-to-date: /home/dmitry/Documents/lab_first_sem/ws_supervised/install/move_to_point_action/include/move_to_point_action/move_to_point_action\n'}
[4.429643] (move_to_point_action) StdoutLine: {'line': b'-- Up-to-date: /home/dmitry/Documents/lab_first_sem/ws_supervised/install/move_to_point_action/include/move_to_point_action/move_to_point_action/action\n'}
[4.429734] (move_to_point_action) StdoutLine: {'line': b'-- Up-to-date: /home/dmitry/Documents/lab_first_sem/ws_supervised/install/move_to_point_action/include/move_to_point_action/move_to_point_action/action/detail\n'}
[4.429865] (move_to_point_action) StdoutLine: {'line': b'-- Installing: /home/dmitry/Documents/lab_first_sem/ws_supervised/install/move_to_point_action/include/move_to_point_action/move_to_point_action/action/detail/move_to_point__traits.hpp\n'}
[4.429996] (move_to_point_action) StdoutLine: {'line': b'-- Installing: /home/dmitry/Documents/lab_first_sem/ws_supervised/install/move_to_point_action/include/move_to_point_action/move_to_point_action/action/detail/move_to_point__struct.hpp\n'}
[4.430126] (move_to_point_action) StdoutLine: {'line': b'-- Installing: /home/dmitry/Documents/lab_first_sem/ws_supervised/install/move_to_point_action/include/move_to_point_action/move_to_point_action/action/detail/move_to_point__builder.hpp\n'}
[4.430311] (move_to_point_action) StdoutLine: {'line': b'-- Installing: /home/dmitry/Documents/lab_first_sem/ws_supervised/install/move_to_point_action/include/move_to_point_action/move_to_point_action/action/detail/move_to_point__type_support.hpp\n'}
[4.430408] (move_to_point_action) StdoutLine: {'line': b'-- Installing: /home/dmitry/Documents/lab_first_sem/ws_supervised/install/move_to_point_action/include/move_to_point_action/move_to_point_action/action/move_to_point.hpp\n'}
[4.430641] (move_to_point_action) StdoutLine: {'line': b'-- Up-to-date: /home/dmitry/Documents/lab_first_sem/ws_supervised/install/move_to_point_action/include/move_to_point_action/move_to_point_action/msg\n'}
[4.430727] (move_to_point_action) StdoutLine: {'line': b'-- Installing: /home/dmitry/Documents/lab_first_sem/ws_supervised/install/move_to_point_action/include/move_to_point_action/move_to_point_action/msg/rosidl_generator_cpp__visibility_control.hpp\n'}
[4.430889] (move_to_point_action) StdoutLine: {'line': b'-- Up-to-date: /home/dmitry/Documents/lab_first_sem/ws_supervised/install/move_to_point_action/include/move_to_point_action/move_to_point_action\n'}
[4.430974] (move_to_point_action) StdoutLine: {'line': b'-- Up-to-date: /home/dmitry/Documents/lab_first_sem/ws_supervised/install/move_to_point_action/include/move_to_point_action/move_to_point_action/action\n'}
[4.431058] (move_to_point_action) StdoutLine: {'line': b'-- Up-to-date: /home/dmitry/Documents/lab_first_sem/ws_supervised/install/move_to_point_action/include/move_to_point_action/move_to_point_action/action/detail\n'}
[4.431207] (move_to_point_action) StdoutLine: {'line': b'-- Up-to-date: /home/dmitry/Documents/lab_first_sem/ws_supervised/install/move_to_point_action/include/move_to_point_action/move_to_point_action/action/detail/dds_fastrtps\n'}
[4.431298] (move_to_point_action) StdoutLine: {'line': b'-- Installing: /home/dmitry/Documents/lab_first_sem/ws_supervised/install/move_to_point_action/include/move_to_point_action/move_to_point_action/action/detail/move_to_point__rosidl_typesupport_fastrtps_cpp.hpp\n'}
[4.431385] (move_to_point_action) StdoutLine: {'line': b'-- Up-to-date: /home/dmitry/Documents/lab_first_sem/ws_supervised/install/move_to_point_action/include/move_to_point_action/move_to_point_action/msg\n'}
[4.431462] (move_to_point_action) StdoutLine: {'line': b'-- Installing: /home/dmitry/Documents/lab_first_sem/ws_supervised/install/move_to_point_action/include/move_to_point_action/move_to_point_action/msg/rosidl_typesupport_fastrtps_cpp__visibility_control.h\n'}
[4.431537] (move_to_point_action) StdoutLine: {'line': b'-- Installing: /home/dmitry/Documents/lab_first_sem/ws_supervised/install/move_to_point_action/lib/libmove_to_point_action__rosidl_typesupport_fastrtps_cpp.so\n'}
[4.432022] (move_to_point_action) StdoutLine: {'line': b'-- Set runtime path of "/home/dmitry/Documents/lab_first_sem/ws_supervised/install/move_to_point_action/lib/libmove_to_point_action__rosidl_typesupport_fastrtps_cpp.so" to ""\n'}
[4.432126] (move_to_point_action) StdoutLine: {'line': b'-- Up-to-date: /home/dmitry/Documents/lab_first_sem/ws_supervised/install/move_to_point_action/include/move_to_point_action/move_to_point_action\n'}
[4.432202] (move_to_point_action) StdoutLine: {'line': b'-- Up-to-date: /home/dmitry/Documents/lab_first_sem/ws_supervised/install/move_to_point_action/include/move_to_point_action/move_to_point_action/action\n'}
[4.432345] (move_to_point_action) StdoutLine: {'line': b'-- Up-to-date: /home/dmitry/Documents/lab_first_sem/ws_supervised/install/move_to_point_action/include/move_to_point_action/move_to_point_action/action/detail\n'}
[4.432420] (move_to_point_action) StdoutLine: {'line': b'-- Installing: /home/dmitry/Documents/lab_first_sem/ws_supervised/install/move_to_point_action/include/move_to_point_action/move_to_point_action/action/detail/move_to_point__type_support.cpp\n'}
[4.432493] (move_to_point_action) StdoutLine: {'line': b'-- Installing: /home/dmitry/Documents/lab_first_sem/ws_supervised/install/move_to_point_action/include/move_to_point_action/move_to_point_action/action/detail/move_to_point__rosidl_typesupport_introspection_cpp.hpp\n'}
[4.432624] (move_to_point_action) StdoutLine: {'line': b'-- Installing: /home/dmitry/Documents/lab_first_sem/ws_supervised/install/move_to_point_action/lib/libmove_to_point_action__rosidl_typesupport_introspection_cpp.so\n'}
[4.433090] (move_to_point_action) StdoutLine: {'line': b'-- Set runtime path of "/home/dmitry/Documents/lab_first_sem/ws_supervised/install/move_to_point_action/lib/libmove_to_point_action__rosidl_typesupport_introspection_cpp.so" to ""\n'}
[4.433251] (move_to_point_action) StdoutLine: {'line': b'-- Installing: /home/dmitry/Documents/lab_first_sem/ws_supervised/install/move_to_point_action/lib/libmove_to_point_action__rosidl_typesupport_cpp.so\n'}
[4.433834] (move_to_point_action) StdoutLine: {'line': b'-- Set runtime path of "/home/dmitry/Documents/lab_first_sem/ws_supervised/install/move_to_point_action/lib/libmove_to_point_action__rosidl_typesupport_cpp.so" to ""\n'}
[4.433928] (move_to_point_action) StdoutLine: {'line': b'-- Installing: /home/dmitry/Documents/lab_first_sem/ws_supervised/install/move_to_point_action/share/move_to_point_action/environment/pythonpath.sh\n'}
[4.434063] (move_to_point_action) StdoutLine: {'line': b'-- Installing: /home/dmitry/Documents/lab_first_sem/ws_supervised/install/move_to_point_action/share/move_to_point_action/environment/pythonpath.dsv\n'}
[4.434238] (move_to_point_action) StdoutLine: {'line': b'-- Up-to-date: /home/dmitry/Documents/lab_first_sem/ws_supervised/install/move_to_point_action/local/lib/python3.10/dist-packages/move_to_point_action-0.0.0-py3.10.egg-info\n'}
[4.434396] (move_to_point_action) StdoutLine: {'line': b'-- Installing: /home/dmitry/Documents/lab_first_sem/ws_supervised/install/move_to_point_action/local/lib/python3.10/dist-packages/move_to_point_action-0.0.0-py3.10.egg-info/SOURCES.txt\n'}
[4.434529] (move_to_point_action) StdoutLine: {'line': b'-- Installing: /home/dmitry/Documents/lab_first_sem/ws_supervised/install/move_to_point_action/local/lib/python3.10/dist-packages/move_to_point_action-0.0.0-py3.10.egg-info/top_level.txt\n'}
[4.434655] (move_to_point_action) StdoutLine: {'line': b'-- Installing: /home/dmitry/Documents/lab_first_sem/ws_supervised/install/move_to_point_action/local/lib/python3.10/dist-packages/move_to_point_action-0.0.0-py3.10.egg-info/PKG-INFO\n'}
[4.434736] (move_to_point_action) StdoutLine: {'line': b'-- Installing: /home/dmitry/Documents/lab_first_sem/ws_supervised/install/move_to_point_action/local/lib/python3.10/dist-packages/move_to_point_action-0.0.0-py3.10.egg-info/dependency_links.txt\n'}
[4.434912] (move_to_point_action) StdoutLine: {'line': b'-- Up-to-date: /home/dmitry/Documents/lab_first_sem/ws_supervised/install/move_to_point_action/local/lib/python3.10/dist-packages/move_to_point_action\n'}
[4.434987] (move_to_point_action) StdoutLine: {'line': b'-- Installing: /home/dmitry/Documents/lab_first_sem/ws_supervised/install/move_to_point_action/local/lib/python3.10/dist-packages/move_to_point_action/libmove_to_point_action__rosidl_generator_py.so\n'}
[4.435298] (move_to_point_action) StdoutLine: {'line': b'-- Installing: /home/dmitry/Documents/lab_first_sem/ws_supervised/install/move_to_point_action/local/lib/python3.10/dist-packages/move_to_point_action/__init__.py\n'}
[4.435431] (move_to_point_action) StdoutLine: {'line': b'-- Installing: /home/dmitry/Documents/lab_first_sem/ws_supervised/install/move_to_point_action/local/lib/python3.10/dist-packages/move_to_point_action/_move_to_point_action_s.ep.rosidl_typesupport_fastrtps_c.c\n'}
[4.435689] (move_to_point_action) StdoutLine: {'line': b'-- Up-to-date: /home/dmitry/Documents/lab_first_sem/ws_supervised/install/move_to_point_action/local/lib/python3.10/dist-packages/move_to_point_action/action\n'}
[4.435776] (move_to_point_action) StdoutLine: {'line': b'-- Installing: /home/dmitry/Documents/lab_first_sem/ws_supervised/install/move_to_point_action/local/lib/python3.10/dist-packages/move_to_point_action/action/__init__.py\n'}
[4.435917] (move_to_point_action) StdoutLine: {'line': b'-- Installing: /home/dmitry/Documents/lab_first_sem/ws_supervised/install/move_to_point_action/local/lib/python3.10/dist-packages/move_to_point_action/action/_move_to_point.py\n'}
[4.436013] (move_to_point_action) StdoutLine: {'line': b'-- Installing: /home/dmitry/Documents/lab_first_sem/ws_supervised/install/move_to_point_action/local/lib/python3.10/dist-packages/move_to_point_action/action/_move_to_point_s.c\n'}
[4.436150] (move_to_point_action) StdoutLine: {'line': b'-- Installing: /home/dmitry/Documents/lab_first_sem/ws_supervised/install/move_to_point_action/local/lib/python3.10/dist-packages/move_to_point_action/move_to_point_action_s__rosidl_typesupport_fastrtps_c.cpython-310-x86_64-linux-gnu.so\n'}
[4.436334] (move_to_point_action) StdoutLine: {'line': b'-- Installing: /home/dmitry/Documents/lab_first_sem/ws_supervised/install/move_to_point_action/local/lib/python3.10/dist-packages/move_to_point_action/move_to_point_action_s__rosidl_typesupport_introspection_c.cpython-310-x86_64-linux-gnu.so\n'}
[4.436534] (move_to_point_action) StdoutLine: {'line': b'-- Installing: /home/dmitry/Documents/lab_first_sem/ws_supervised/install/move_to_point_action/local/lib/python3.10/dist-packages/move_to_point_action/move_to_point_action_s__rosidl_typesupport_c.cpython-310-x86_64-linux-gnu.so\n'}
[4.436755] (move_to_point_action) StdoutLine: {'line': b'-- Installing: /home/dmitry/Documents/lab_first_sem/ws_supervised/install/move_to_point_action/local/lib/python3.10/dist-packages/move_to_point_action/_move_to_point_action_s.ep.rosidl_typesupport_c.c\n'}
[4.436954] (move_to_point_action) StdoutLine: {'line': b'-- Installing: /home/dmitry/Documents/lab_first_sem/ws_supervised/install/move_to_point_action/local/lib/python3.10/dist-packages/move_to_point_action/_move_to_point_action_s.ep.rosidl_typesupport_introspection_c.c\n'}
[4.475956] (move_to_point_action) StdoutLine: {'line': b"Listing '/home/dmitry/Documents/lab_first_sem/ws_supervised/install/move_to_point_action/local/lib/python3.10/dist-packages/move_to_point_action'...\n"}
[4.476207] (move_to_point_action) StdoutLine: {'line': b"Compiling '/home/dmitry/Documents/lab_first_sem/ws_supervised/install/move_to_point_action/local/lib/python3.10/dist-packages/move_to_point_action/__init__.py'...\n"}
[4.476329] (move_to_point_action) StdoutLine: {'line': b"Listing '/home/dmitry/Documents/lab_first_sem/ws_supervised/install/move_to_point_action/local/lib/python3.10/dist-packages/move_to_point_action/action'...\n"}
[4.476430] (move_to_point_action) StdoutLine: {'line': b"Compiling '/home/dmitry/Documents/lab_first_sem/ws_supervised/install/move_to_point_action/local/lib/python3.10/dist-packages/move_to_point_action/action/__init__.py'...\n"}
[4.476523] (move_to_point_action) StdoutLine: {'line': b"Compiling '/home/dmitry/Documents/lab_first_sem/ws_supervised/install/move_to_point_action/local/lib/python3.10/dist-packages/move_to_point_action/action/_move_to_point.py'...\n"}
[4.480484] (move_to_point_action) StdoutLine: {'line': b'-- Installing: /home/dmitry/Documents/lab_first_sem/ws_supervised/install/move_to_point_action/local/lib/python3.10/dist-packages/move_to_point_action/move_to_point_action_s__rosidl_typesupport_fastrtps_c.cpython-310-x86_64-linux-gnu.so\n'}
[4.480901] (move_to_point_action) StdoutLine: {'line': b'-- Set runtime path of "/home/dmitry/Documents/lab_first_sem/ws_supervised/install/move_to_point_action/local/lib/python3.10/dist-packages/move_to_point_action/move_to_point_action_s__rosidl_typesupport_fastrtps_c.cpython-310-x86_64-linux-gnu.so" to ""\n'}
[4.481081] (move_to_point_action) StdoutLine: {'line': b'-- Installing: /home/dmitry/Documents/lab_first_sem/ws_supervised/install/move_to_point_action/local/lib/python3.10/dist-packages/move_to_point_action/move_to_point_action_s__rosidl_typesupport_introspection_c.cpython-310-x86_64-linux-gnu.so\n'}
[4.481549] (move_to_point_action) StdoutLine: {'line': b'-- Set runtime path of "/home/dmitry/Documents/lab_first_sem/ws_supervised/install/move_to_point_action/local/lib/python3.10/dist-packages/move_to_point_action/move_to_point_action_s__rosidl_typesupport_introspection_c.cpython-310-x86_64-linux-gnu.so" to ""\n'}
[4.482005] (move_to_point_action) StdoutLine: {'line': b'-- Installing: /home/dmitry/Documents/lab_first_sem/ws_supervised/install/move_to_point_action/local/lib/python3.10/dist-packages/move_to_point_action/move_to_point_action_s__rosidl_typesupport_c.cpython-310-x86_64-linux-gnu.so\n'}
[4.482528] (move_to_point_action) StdoutLine: {'line': b'-- Set runtime path of "/home/dmitry/Documents/lab_first_sem/ws_supervised/install/move_to_point_action/local/lib/python3.10/dist-packages/move_to_point_action/move_to_point_action_s__rosidl_typesupport_c.cpython-310-x86_64-linux-gnu.so" to ""\n'}
[4.482803] (move_to_point_action) StdoutLine: {'line': b'-- Installing: /home/dmitry/Documents/lab_first_sem/ws_supervised/install/move_to_point_action/lib/libmove_to_point_action__rosidl_generator_py.so\n'}
[4.483230] (move_to_point_action) StdoutLine: {'line': b'-- Set runtime path of "/home/dmitry/Documents/lab_first_sem/ws_supervised/install/move_to_point_action/lib/libmove_to_point_action__rosidl_generator_py.so" to ""\n'}
[4.483374] (move_to_point_action) StdoutLine: {'line': b'-- Installing: /home/dmitry/Documents/lab_first_sem/ws_supervised/install/move_to_point_action/share/move_to_point_action/action/MoveToPoint.idl\n'}
[4.483579] (move_to_point_action) StdoutLine: {'line': b'-- Up-to-date: /home/dmitry/Documents/lab_first_sem/ws_supervised/install/move_to_point_action/share/move_to_point_action/action/MoveToPoint.action\n'}
[4.483718] (move_to_point_action) StdoutLine: {'line': b'-- Installing: /home/dmitry/Documents/lab_first_sem/ws_supervised/install/move_to_point_action/share/ament_index/resource_index/package_run_dependencies/move_to_point_action\n'}
[4.483987] (move_to_point_action) StdoutLine: {'line': b'-- Installing: /home/dmitry/Documents/lab_first_sem/ws_supervised/install/move_to_point_action/share/ament_index/resource_index/parent_prefix_path/move_to_point_action\n'}
[4.484079] (move_to_point_action) StdoutLine: {'line': b'-- Installing: /home/dmitry/Documents/lab_first_sem/ws_supervised/install/move_to_point_action/share/move_to_point_action/environment/ament_prefix_path.sh\n'}
[4.484249] (move_to_point_action) StdoutLine: {'line': b'-- Installing: /home/dmitry/Documents/lab_first_sem/ws_supervised/install/move_to_point_action/share/move_to_point_action/environment/ament_prefix_path.dsv\n'}
[4.484444] (move_to_point_action) StdoutLine: {'line': b'-- Installing: /home/dmitry/Documents/lab_first_sem/ws_supervised/install/move_to_point_action/share/move_to_point_action/environment/path.sh\n'}
[4.484625] (move_to_point_action) StdoutLine: {'line': b'-- Installing: /home/dmitry/Documents/lab_first_sem/ws_supervised/install/move_to_point_action/share/move_to_point_action/environment/path.dsv\n'}
[4.484775] (move_to_point_action) StdoutLine: {'line': b'-- Installing: /home/dmitry/Documents/lab_first_sem/ws_supervised/install/move_to_point_action/share/move_to_point_action/local_setup.bash\n'}
[4.484914] (move_to_point_action) StdoutLine: {'line': b'-- Installing: /home/dmitry/Documents/lab_first_sem/ws_supervised/install/move_to_point_action/share/move_to_point_action/local_setup.sh\n'}
[4.485062] (move_to_point_action) StdoutLine: {'line': b'-- Installing: /home/dmitry/Documents/lab_first_sem/ws_supervised/install/move_to_point_action/share/move_to_point_action/local_setup.zsh\n'}
[4.485230] (move_to_point_action) StdoutLine: {'line': b'-- Installing: /home/dmitry/Documents/lab_first_sem/ws_supervised/install/move_to_point_action/share/move_to_point_action/local_setup.dsv\n'}
[4.485406] (move_to_point_action) StdoutLine: {'line': b'-- Installing: /home/dmitry/Documents/lab_first_sem/ws_supervised/install/move_to_point_action/share/move_to_point_action/package.dsv\n'}
[4.485587] (move_to_point_action) StdoutLine: {'line': b'-- Installing: /home/dmitry/Documents/lab_first_sem/ws_supervised/install/move_to_point_action/share/ament_index/resource_index/packages/move_to_point_action\n'}
[4.485801] (move_to_point_action) StdoutLine: {'line': b'-- Installing: /home/dmitry/Documents/lab_first_sem/ws_supervised/install/move_to_point_action/share/move_to_point_action/cmake/export_move_to_point_action__rosidl_generator_cExport.cmake\n'}
[4.485981] (move_to_point_action) StdoutLine: {'line': b'-- Installing: /home/dmitry/Documents/lab_first_sem/ws_supervised/install/move_to_point_action/share/move_to_point_action/cmake/export_move_to_point_action__rosidl_generator_cExport-debug.cmake\n'}
[4.486206] (move_to_point_action) StdoutLine: {'line': b'-- Installing: /home/dmitry/Documents/lab_first_sem/ws_supervised/install/move_to_point_action/share/move_to_point_action/cmake/export_move_to_point_action__rosidl_typesupport_fastrtps_cExport.cmake\n'}
[4.486421] (move_to_point_action) StdoutLine: {'line': b'-- Installing: /home/dmitry/Documents/lab_first_sem/ws_supervised/install/move_to_point_action/share/move_to_point_action/cmake/export_move_to_point_action__rosidl_typesupport_fastrtps_cExport-debug.cmake\n'}
[4.486647] (move_to_point_action) StdoutLine: {'line': b'-- Installing: /home/dmitry/Documents/lab_first_sem/ws_supervised/install/move_to_point_action/share/move_to_point_action/cmake/move_to_point_action__rosidl_typesupport_introspection_cExport.cmake\n'}
[4.486826] (move_to_point_action) StdoutLine: {'line': b'-- Installing: /home/dmitry/Documents/lab_first_sem/ws_supervised/install/move_to_point_action/share/move_to_point_action/cmake/move_to_point_action__rosidl_typesupport_introspection_cExport-debug.cmake\n'}
[4.487048] (move_to_point_action) StdoutLine: {'line': b'-- Installing: /home/dmitry/Documents/lab_first_sem/ws_supervised/install/move_to_point_action/share/move_to_point_action/cmake/move_to_point_action__rosidl_typesupport_cExport.cmake\n'}
[4.487231] (move_to_point_action) StdoutLine: {'line': b'-- Installing: /home/dmitry/Documents/lab_first_sem/ws_supervised/install/move_to_point_action/share/move_to_point_action/cmake/move_to_point_action__rosidl_typesupport_cExport-debug.cmake\n'}
[4.487473] (move_to_point_action) StdoutLine: {'line': b'-- Installing: /home/dmitry/Documents/lab_first_sem/ws_supervised/install/move_to_point_action/share/move_to_point_action/cmake/export_move_to_point_action__rosidl_generator_cppExport.cmake\n'}
[4.487704] (move_to_point_action) StdoutLine: {'line': b'-- Installing: /home/dmitry/Documents/lab_first_sem/ws_supervised/install/move_to_point_action/share/move_to_point_action/cmake/export_move_to_point_action__rosidl_typesupport_fastrtps_cppExport.cmake\n'}
[4.487901] (move_to_point_action) StdoutLine: {'line': b'-- Installing: /home/dmitry/Documents/lab_first_sem/ws_supervised/install/move_to_point_action/share/move_to_point_action/cmake/export_move_to_point_action__rosidl_typesupport_fastrtps_cppExport-debug.cmake\n'}
[4.488156] (move_to_point_action) StdoutLine: {'line': b'-- Installing: /home/dmitry/Documents/lab_first_sem/ws_supervised/install/move_to_point_action/share/move_to_point_action/cmake/move_to_point_action__rosidl_typesupport_introspection_cppExport.cmake\n'}
[4.488360] (move_to_point_action) StdoutLine: {'line': b'-- Installing: /home/dmitry/Documents/lab_first_sem/ws_supervised/install/move_to_point_action/share/move_to_point_action/cmake/move_to_point_action__rosidl_typesupport_introspection_cppExport-debug.cmake\n'}
[4.488594] (move_to_point_action) StdoutLine: {'line': b'-- Installing: /home/dmitry/Documents/lab_first_sem/ws_supervised/install/move_to_point_action/share/move_to_point_action/cmake/move_to_point_action__rosidl_typesupport_cppExport.cmake\n'}
[4.488924] (move_to_point_action) StdoutLine: {'line': b'-- Installing: /home/dmitry/Documents/lab_first_sem/ws_supervised/install/move_to_point_action/share/move_to_point_action/cmake/move_to_point_action__rosidl_typesupport_cppExport-debug.cmake\n'}
[4.489172] (move_to_point_action) StdoutLine: {'line': b'-- Installing: /home/dmitry/Documents/lab_first_sem/ws_supervised/install/move_to_point_action/share/move_to_point_action/cmake/export_move_to_point_action__rosidl_generator_pyExport.cmake\n'}
[4.489368] (move_to_point_action) StdoutLine: {'line': b'-- Installing: /home/dmitry/Documents/lab_first_sem/ws_supervised/install/move_to_point_action/share/move_to_point_action/cmake/export_move_to_point_action__rosidl_generator_pyExport-debug.cmake\n'}
[4.489574] (move_to_point_action) StdoutLine: {'line': b'-- Installing: /home/dmitry/Documents/lab_first_sem/ws_supervised/install/move_to_point_action/share/move_to_point_action/cmake/rosidl_cmake-extras.cmake\n'}
[4.489782] (move_to_point_action) StdoutLine: {'line': b'-- Installing: /home/dmitry/Documents/lab_first_sem/ws_supervised/install/move_to_point_action/share/move_to_point_action/cmake/ament_cmake_export_dependencies-extras.cmake\n'}
[4.489948] (move_to_point_action) StdoutLine: {'line': b'-- Installing: /home/dmitry/Documents/lab_first_sem/ws_supervised/install/move_to_point_action/share/move_to_point_action/cmake/ament_cmake_export_include_directories-extras.cmake\n'}
[4.490113] (move_to_point_action) StdoutLine: {'line': b'-- Installing: /home/dmitry/Documents/lab_first_sem/ws_supervised/install/move_to_point_action/share/move_to_point_action/cmake/ament_cmake_export_libraries-extras.cmake\n'}
[4.490311] (move_to_point_action) StdoutLine: {'line': b'-- Installing: /home/dmitry/Documents/lab_first_sem/ws_supervised/install/move_to_point_action/share/move_to_point_action/cmake/ament_cmake_export_targets-extras.cmake\n'}
[4.490491] (move_to_point_action) StdoutLine: {'line': b'-- Installing: /home/dmitry/Documents/lab_first_sem/ws_supervised/install/move_to_point_action/share/move_to_point_action/cmake/rosidl_cmake_export_typesupport_targets-extras.cmake\n'}
[4.490701] (move_to_point_action) StdoutLine: {'line': b'-- Installing: /home/dmitry/Documents/lab_first_sem/ws_supervised/install/move_to_point_action/share/move_to_point_action/cmake/rosidl_cmake_export_typesupport_libraries-extras.cmake\n'}
[4.490890] (move_to_point_action) StdoutLine: {'line': b'-- Installing: /home/dmitry/Documents/lab_first_sem/ws_supervised/install/move_to_point_action/share/move_to_point_action/cmake/move_to_point_actionConfig.cmake\n'}
[4.491044] (move_to_point_action) StdoutLine: {'line': b'-- Installing: /home/dmitry/Documents/lab_first_sem/ws_supervised/install/move_to_point_action/share/move_to_point_action/cmake/move_to_point_actionConfig-version.cmake\n'}
[4.491218] (move_to_point_action) StdoutLine: {'line': b'-- Up-to-date: /home/dmitry/Documents/lab_first_sem/ws_supervised/install/move_to_point_action/share/move_to_point_action/package.xml\n'}
[4.493002] (move_to_point_action) CommandEnded: {'returncode': 0}
[4.506788] (-) TimerEvent: {}
[4.515727] (move_to_point_action) JobEnded: {'identifier': 'move_to_point_action', 'rc': 0}
[4.606946] (-) TimerEvent: {}
[4.707314] (-) TimerEvent: {}
[4.807586] (-) TimerEvent: {}
[4.907873] (-) TimerEvent: {}
[5.008201] (-) TimerEvent: {}
[5.108542] (-) TimerEvent: {}
[5.208858] (-) TimerEvent: {}
[5.309161] (-) TimerEvent: {}
[5.409438] (-) TimerEvent: {}
[5.509699] (-) TimerEvent: {}
[5.578352] (gui_control) StderrLine: {'line': b'In file included from /home/dmitry/Documents/lab_first_sem/ws_supervised/src/gui_control/src/mainwindow.cpp:1:\n'}
[5.578544] (gui_control) StderrLine: {'line': b'/home/dmitry/Documents/lab_first_sem/ws_supervised/src/gui_control/include/mainwindow.h: In constructor \xe2\x80\x98MainWindow::MainWindow(rclcpp::Node::SharedPtr, QWidget*)\xe2\x80\x99:\n'}
[5.578621] (gui_control) StderrLine: {'line': b'/home/dmitry/Documents/lab_first_sem/ws_supervised/src/gui_control/include/mainwindow.h:74:19: warning: \xe2\x80\x98MainWindow::current_state_petri\xe2\x80\x99 will be initialized after [-Wreorder]\n'}
[5.578687] (gui_control) StderrLine: {'line': b'   74 |     PetriNetState current_state_petri;\n'}
[5.578749] (gui_control) StderrLine: {'line': b'      |                   ^~~~~~~~~~~~~~~~~~~\n'}
[5.578810] (gui_control) StderrLine: {'line': b'/home/dmitry/Documents/lab_first_sem/ws_supervised/src/gui_control/include/mainwindow.h:67:10: warning:   \xe2\x80\x98bool MainWindow::path_ready\xe2\x80\x99 [-Wreorder]\n'}
[5.578869] (gui_control) StderrLine: {'line': b'   67 |     bool path_ready;\n'}
[5.578927] (gui_control) StderrLine: {'line': b'      |          ^~~~~~~~~~\n'}
[5.578984] (gui_control) StderrLine: {'line': b'/home/dmitry/Documents/lab_first_sem/ws_supervised/src/gui_control/src/mainwindow.cpp:6:1: warning:   when initialized here [-Wreorder]\n'}
[5.579042] (gui_control) StderrLine: {'line': b'    6 | MainWindow::MainWindow(rclcpp::Node::SharedPtr n, QWidget *parent):\n'}
[5.579102] (gui_control) StderrLine: {'line': b'      | ^~~~~~~~~~\n'}
[5.609823] (-) TimerEvent: {}
[5.689576] (gui_control) StderrLine: {'line': b'/home/dmitry/Documents/lab_first_sem/ws_supervised/src/gui_control/src/mainwindow.cpp: In member function \xe2\x80\x98void MainWindow::on_comboBox_chooseMethod_currentIndexChanged(int)\xe2\x80\x99:\n'}
[5.689750] (gui_control) StderrLine: {'line': b'/home/dmitry/Documents/lab_first_sem/ws_supervised/src/gui_control/src/mainwindow.cpp:454:67: warning: unused parameter \xe2\x80\x98index\xe2\x80\x99 [-Wunused-parameter]\n'}
[5.689822] (gui_control) StderrLine: {'line': b'  454 | void MainWindow::on_comboBox_chooseMethod_currentIndexChanged(int index)\n'}
[5.689888] (gui_control) StderrLine: {'line': b'      |                                                               ~~~~^~~~~\n'}
[5.709920] (-) TimerEvent: {}
[5.810219] (-) TimerEvent: {}
[5.910632] (-) TimerEvent: {}
[6.010937] (-) TimerEvent: {}
[6.111345] (-) TimerEvent: {}
[6.211611] (-) TimerEvent: {}
[6.311946] (-) TimerEvent: {}
[6.412346] (-) TimerEvent: {}
[6.512732] (-) TimerEvent: {}
[6.613118] (-) TimerEvent: {}
[6.713505] (-) TimerEvent: {}
[6.813885] (-) TimerEvent: {}
[6.914266] (-) TimerEvent: {}
[7.014648] (-) TimerEvent: {}
[7.115032] (-) TimerEvent: {}
[7.215402] (-) TimerEvent: {}
[7.315779] (-) TimerEvent: {}
[7.416149] (-) TimerEvent: {}
[7.516534] (-) TimerEvent: {}
[7.616913] (-) TimerEvent: {}
[7.717288] (-) TimerEvent: {}
[7.817539] (-) TimerEvent: {}
[7.917917] (-) TimerEvent: {}
[8.018200] (-) TimerEvent: {}
[8.118625] (-) TimerEvent: {}
[8.218947] (-) TimerEvent: {}
[8.319234] (-) TimerEvent: {}
[8.419487] (-) TimerEvent: {}
[8.519731] (-) TimerEvent: {}
[8.620003] (-) TimerEvent: {}
[8.720246] (-) TimerEvent: {}
[8.820629] (-) TimerEvent: {}
[8.920906] (-) TimerEvent: {}
[9.021276] (-) TimerEvent: {}
[9.121529] (-) TimerEvent: {}
[9.221809] (-) TimerEvent: {}
[9.322182] (-) TimerEvent: {}
[9.384611] (move_to_point_server) StdoutLine: {'line': b'[100%] Linking CXX executable move_to_point_server_node\n'}
[9.422415] (-) TimerEvent: {}
[9.522722] (-) TimerEvent: {}
[9.623110] (-) TimerEvent: {}
[9.723502] (-) TimerEvent: {}
[9.738640] (move_to_point_server) StdoutLine: {'line': b'[100%] Built target move_to_point_server_node\n'}
[9.747125] (move_to_point_server) CommandEnded: {'returncode': 0}
[9.747712] (move_to_point_server) JobProgress: {'identifier': 'move_to_point_server', 'progress': 'install'}
[9.747750] (move_to_point_server) Command: {'cmd': ['/usr/bin/cmake', '--install', '/home/dmitry/Documents/lab_first_sem/ws_supervised/build/move_to_point_server'], 'cwd': '/home/dmitry/Documents/lab_first_sem/ws_supervised/build/move_to_point_server', 'env': OrderedDict([('GJS_DEBUG_TOPICS', 'JS ERROR;JS LOG'), ('LANGUAGE', 'ru:en'), ('LC_TIME', 'ru_RU.UTF-8'), ('USER', 'dmitry'), ('XDG_SESSION_TYPE', 'x11'), ('LD_LIBRARY_PATH', '/home/dmitry/Documents/lab_first_sem/ws_supervised/install/move_to_point_action/lib:/usr/lib/x86_64-linux-gnu/gazebo-11/plugins:/opt/ros/humble/opt/rviz_ogre_vendor/lib:/opt/ros/humble/lib/x86_64-linux-gnu:/opt/ros/humble/lib'), ('SHLVL', '1'), ('HOME', '/home/dmitry'), ('DESKTOP_SESSION', 'ubuntu'), ('QTDIR', '/usr/lib/x86_64-linux-gnu/qt5'), ('GIO_LAUNCHED_DESKTOP_FILE', '/home/dmitry/.local/share/applications/org.qt-project.qtcreator.desktop'), ('GNOME_SHELL_SESSION_MODE', 'ubuntu'), ('GTK_MODULES', 'gail:atk-bridge'), ('ROS_PYTHON_VERSION', '3'), ('LC_MONETARY', 'ru_RU.UTF-8'), ('MANAGERPID', '1928'), ('DBUS_SESSION_BUS_ADDRESS', 'unix:path'), ('SYSTEMD_EXEC_PID', '2291'), ('GIO_LAUNCHED_DESKTOP_FILE_PID', '5017'), ('COLCON_PREFIX_PATH', '/home/dmitry/Documents/lab_first_sem/ws_supervised/install'), ('ROS_DISTRO', 'humble'), ('GTK_IM_MODULE', 'ibus'), ('LOGNAME', 'dmitry'), ('JOURNAL_STREAM', '8:21557'), ('_', '/usr/bin/env'), ('ROS_VERSION', '2'), ('XDG_SESSION_CLASS', 'user'), ('USERNAME', 'dmitry'), ('GNOME_DESKTOP_SESSION_ID', 'this-is-deprecated'), ('ROS_LOCALHOST_ONLY', '0'), ('WINDOWPATH', '2'), ('PATH', '/opt/ros/humble/bin:/home/dmitry/.local/bin:/usr/local/sbin:/usr/local/bin:/usr/sbin:/usr/bin:/sbin:/bin:/usr/games:/usr/local/games:/snap/bin:/snap/bin'), ('INVOCATION_ID', 'e7b13a870503479db6923e7a26c19210'), ('PAPERSIZE', 'a4'), ('SESSION_MANAGER', 'local/dmitry-IdeaPad-Gaming-3-15IAH7:@/tmp/.ICE-unix/2267,unix/dmitry-IdeaPad-Gaming-3-15IAH7:/tmp/.ICE-unix/2267'), ('LC_ADDRESS', 'ru_RU.UTF-8'), ('XDG_MENU_PREFIX', 'gnome-'), ('XDG_RUNTIME_DIR', '/run/user/1000'), ('DISPLAY', ':1'), ('LANG', 'ru_RU.UTF-8'), ('LC_TELEPHONE', 'ru_RU.UTF-8'), ('XDG_CURRENT_DESKTOP', 'ubuntu:GNOME'), ('XAUTHORITY', '/run/user/1000/gdm/Xauthority'), ('XDG_SESSION_DESKTOP', 'ubuntu'), ('XMODIFIERS', '@im'), ('AMENT_PREFIX_PATH', '/home/dmitry/Documents/lab_first_sem/ws_supervised/install/move_to_point_server:/home/dmitry/Documents/lab_first_sem/ws_supervised/install/move_to_point_action:/home/dmitry/Documents/lab_first_sem/ws_supervised/install/gui_control:/home/dmitry/Documents/lab_first_sem/ws_supervised/install/control_launch:/opt/ros/humble'), ('SSH_AGENT_LAUNCHER', 'gnome-keyring'), ('SSH_AUTH_SOCK', '/run/user/1000/keyring/ssh'), ('LC_NAME', 'ru_RU.UTF-8'), ('SHELL', '/bin/bash'), ('GDMSESSION', 'ubuntu'), ('QT_ACCESSIBILITY', '1'), ('LC_MEASUREMENT', 'ru_RU.UTF-8'), ('GJS_DEBUG_OUTPUT', 'stderr'), ('GPG_AGENT_INFO', '/run/user/1000/gnupg/S.gpg-agent:0:1'), ('LC_IDENTIFICATION', 'ru_RU.UTF-8'), ('QT_IM_MODULE', 'ibus'), ('PWD', '/home/dmitry/Documents/lab_first_sem/ws_supervised/build/move_to_point_server'), ('XDG_CONFIG_DIRS', '/etc/xdg/xdg-ubuntu:/etc/xdg'), ('XDG_DATA_DIRS', '/usr/share/ubuntu:/usr/share/gnome:/usr/local/share/:/usr/share/:/var/lib/snapd/desktop'), ('LC_NUMERIC', 'ru_RU.UTF-8'), ('PYTHONPATH', '/home/dmitry/Documents/lab_first_sem/ws_supervised/install/move_to_point_action/local/lib/python3.10/dist-packages:/opt/ros/humble/lib/python3.10/site-packages:/opt/ros/humble/local/lib/python3.10/dist-packages'), ('LC_PAPER', 'ru_RU.UTF-8'), ('COLCON', '1'), ('CMAKE_PREFIX_PATH', '/home/dmitry/Documents/lab_first_sem/ws_supervised/install/move_to_point_server:/home/dmitry/Documents/lab_first_sem/ws_supervised/install/move_to_point_action:/home/dmitry/Documents/lab_first_sem/ws_supervised/install/gui_control:/home/dmitry/Documents/lab_first_sem/ws_supervised/install/control_launch:/opt/ros/humble')]), 'shell': False}
[9.754587] (move_to_point_server) StdoutLine: {'line': b'-- Install configuration: "Debug"\n'}
[9.754815] (move_to_point_server) StdoutLine: {'line': b'-- Installing: /home/dmitry/Documents/lab_first_sem/ws_supervised/install/move_to_point_server/lib/move_to_point_server/move_to_point_server_node\n'}
[9.763376] (move_to_point_server) StdoutLine: {'line': b'-- Set runtime path of "/home/dmitry/Documents/lab_first_sem/ws_supervised/install/move_to_point_server/lib/move_to_point_server/move_to_point_server_node" to ""\n'}
[9.763517] (move_to_point_server) StdoutLine: {'line': b'-- Installing: /home/dmitry/Documents/lab_first_sem/ws_supervised/install/move_to_point_server/share/ament_index/resource_index/package_run_dependencies/move_to_point_server\n'}
[9.763584] (move_to_point_server) StdoutLine: {'line': b'-- Installing: /home/dmitry/Documents/lab_first_sem/ws_supervised/install/move_to_point_server/share/ament_index/resource_index/parent_prefix_path/move_to_point_server\n'}
[9.763646] (move_to_point_server) StdoutLine: {'line': b'-- Installing: /home/dmitry/Documents/lab_first_sem/ws_supervised/install/move_to_point_server/share/move_to_point_server/environment/ament_prefix_path.sh\n'}
[9.763705] (move_to_point_server) StdoutLine: {'line': b'-- Installing: /home/dmitry/Documents/lab_first_sem/ws_supervised/install/move_to_point_server/share/move_to_point_server/environment/ament_prefix_path.dsv\n'}
[9.763905] (move_to_point_server) StdoutLine: {'line': b'-- Installing: /home/dmitry/Documents/lab_first_sem/ws_supervised/install/move_to_point_server/share/move_to_point_server/environment/path.sh\n'}
[9.763990] (move_to_point_server) StdoutLine: {'line': b'-- Installing: /home/dmitry/Documents/lab_first_sem/ws_supervised/install/move_to_point_server/share/move_to_point_server/environment/path.dsv\n'}
[9.764065] (move_to_point_server) StdoutLine: {'line': b'-- Installing: /home/dmitry/Documents/lab_first_sem/ws_supervised/install/move_to_point_server/share/move_to_point_server/local_setup.bash\n'}
[9.764127] (move_to_point_server) StdoutLine: {'line': b'-- Installing: /home/dmitry/Documents/lab_first_sem/ws_supervised/install/move_to_point_server/share/move_to_point_server/local_setup.sh\n'}
[9.764187] (move_to_point_server) StdoutLine: {'line': b'-- Installing: /home/dmitry/Documents/lab_first_sem/ws_supervised/install/move_to_point_server/share/move_to_point_server/local_setup.zsh\n'}
[9.764245] (move_to_point_server) StdoutLine: {'line': b'-- Installing: /home/dmitry/Documents/lab_first_sem/ws_supervised/install/move_to_point_server/share/move_to_point_server/local_setup.dsv\n'}
[9.764311] (move_to_point_server) StdoutLine: {'line': b'-- Installing: /home/dmitry/Documents/lab_first_sem/ws_supervised/install/move_to_point_server/share/move_to_point_server/package.dsv\n'}
[9.764374] (move_to_point_server) StdoutLine: {'line': b'-- Installing: /home/dmitry/Documents/lab_first_sem/ws_supervised/install/move_to_point_server/share/ament_index/resource_index/packages/move_to_point_server\n'}
[9.764430] (move_to_point_server) StdoutLine: {'line': b'-- Installing: /home/dmitry/Documents/lab_first_sem/ws_supervised/install/move_to_point_server/share/move_to_point_server/cmake/move_to_point_serverConfig.cmake\n'}
[9.764489] (move_to_point_server) StdoutLine: {'line': b'-- Installing: /home/dmitry/Documents/lab_first_sem/ws_supervised/install/move_to_point_server/share/move_to_point_server/cmake/move_to_point_serverConfig-version.cmake\n'}
[9.764698] (move_to_point_server) StdoutLine: {'line': b'-- Up-to-date: /home/dmitry/Documents/lab_first_sem/ws_supervised/install/move_to_point_server/share/move_to_point_server/package.xml\n'}
[9.765140] (move_to_point_server) CommandEnded: {'returncode': 0}
[9.775681] (move_to_point_server) JobEnded: {'identifier': 'move_to_point_server', 'rc': 0}
[9.823602] (-) TimerEvent: {}
[9.923880] (-) TimerEvent: {}
[10.024252] (-) TimerEvent: {}
[10.124617] (-) TimerEvent: {}
[10.224993] (-) TimerEvent: {}
[10.325355] (-) TimerEvent: {}
[10.425588] (-) TimerEvent: {}
[10.525833] (-) TimerEvent: {}
[10.626111] (-) TimerEvent: {}
[10.726505] (-) TimerEvent: {}
[10.826747] (-) TimerEvent: {}
[10.926993] (-) TimerEvent: {}
[11.027236] (-) TimerEvent: {}
[11.127507] (-) TimerEvent: {}
[11.191565] (gui_control) StdoutLine: {'line': b'[100%] Linking CXX executable gui_control\n'}
[11.227603] (-) TimerEvent: {}
[11.327994] (-) TimerEvent: {}
[11.428278] (-) TimerEvent: {}
[11.528544] (-) TimerEvent: {}
[11.628827] (-) TimerEvent: {}
[11.729207] (-) TimerEvent: {}
[11.829580] (-) TimerEvent: {}
[11.877195] (gui_control) StdoutLine: {'line': b'[100%] Built target gui_control\n'}
[11.886192] (gui_control) CommandEnded: {'returncode': 0}
[11.887403] (gui_control) JobProgress: {'identifier': 'gui_control', 'progress': 'install'}
[11.887419] (gui_control) Command: {'cmd': ['/usr/bin/cmake', '--install', '/home/dmitry/Documents/lab_first_sem/ws_supervised/build/gui_control'], 'cwd': '/home/dmitry/Documents/lab_first_sem/ws_supervised/build/gui_control', 'env': OrderedDict([('GJS_DEBUG_TOPICS', 'JS ERROR;JS LOG'), ('LANGUAGE', 'ru:en'), ('LC_TIME', 'ru_RU.UTF-8'), ('USER', 'dmitry'), ('XDG_SESSION_TYPE', 'x11'), ('LD_LIBRARY_PATH', '/home/dmitry/Documents/lab_first_sem/ws_supervised/install/move_to_point_action/lib:/usr/lib/x86_64-linux-gnu/gazebo-11/plugins:/opt/ros/humble/opt/rviz_ogre_vendor/lib:/opt/ros/humble/lib/x86_64-linux-gnu:/opt/ros/humble/lib'), ('SHLVL', '1'), ('HOME', '/home/dmitry'), ('DESKTOP_SESSION', 'ubuntu'), ('QTDIR', '/usr/lib/x86_64-linux-gnu/qt5'), ('GIO_LAUNCHED_DESKTOP_FILE', '/home/dmitry/.local/share/applications/org.qt-project.qtcreator.desktop'), ('GNOME_SHELL_SESSION_MODE', 'ubuntu'), ('GTK_MODULES', 'gail:atk-bridge'), ('ROS_PYTHON_VERSION', '3'), ('LC_MONETARY', 'ru_RU.UTF-8'), ('MANAGERPID', '1928'), ('DBUS_SESSION_BUS_ADDRESS', 'unix:path'), ('SYSTEMD_EXEC_PID', '2291'), ('GIO_LAUNCHED_DESKTOP_FILE_PID', '5017'), ('COLCON_PREFIX_PATH', '/home/dmitry/Documents/lab_first_sem/ws_supervised/install'), ('ROS_DISTRO', 'humble'), ('GTK_IM_MODULE', 'ibus'), ('LOGNAME', 'dmitry'), ('JOURNAL_STREAM', '8:21557'), ('_', '/usr/bin/env'), ('ROS_VERSION', '2'), ('XDG_SESSION_CLASS', 'user'), ('USERNAME', 'dmitry'), ('GNOME_DESKTOP_SESSION_ID', 'this-is-deprecated'), ('ROS_LOCALHOST_ONLY', '0'), ('WINDOWPATH', '2'), ('PATH', '/opt/ros/humble/bin:/home/dmitry/.local/bin:/usr/local/sbin:/usr/local/bin:/usr/sbin:/usr/bin:/sbin:/bin:/usr/games:/usr/local/games:/snap/bin:/snap/bin'), ('INVOCATION_ID', 'e7b13a870503479db6923e7a26c19210'), ('PAPERSIZE', 'a4'), ('SESSION_MANAGER', 'local/dmitry-IdeaPad-Gaming-3-15IAH7:@/tmp/.ICE-unix/2267,unix/dmitry-IdeaPad-Gaming-3-15IAH7:/tmp/.ICE-unix/2267'), ('LC_ADDRESS', 'ru_RU.UTF-8'), ('XDG_MENU_PREFIX', 'gnome-'), ('XDG_RUNTIME_DIR', '/run/user/1000'), ('DISPLAY', ':1'), ('LANG', 'ru_RU.UTF-8'), ('LC_TELEPHONE', 'ru_RU.UTF-8'), ('XDG_CURRENT_DESKTOP', 'ubuntu:GNOME'), ('XAUTHORITY', '/run/user/1000/gdm/Xauthority'), ('XDG_SESSION_DESKTOP', 'ubuntu'), ('XMODIFIERS', '@im'), ('AMENT_PREFIX_PATH', '/home/dmitry/Documents/lab_first_sem/ws_supervised/install/move_to_point_server:/home/dmitry/Documents/lab_first_sem/ws_supervised/install/move_to_point_action:/home/dmitry/Documents/lab_first_sem/ws_supervised/install/gui_control:/home/dmitry/Documents/lab_first_sem/ws_supervised/install/control_launch:/opt/ros/humble'), ('SSH_AGENT_LAUNCHER', 'gnome-keyring'), ('SSH_AUTH_SOCK', '/run/user/1000/keyring/ssh'), ('LC_NAME', 'ru_RU.UTF-8'), ('SHELL', '/bin/bash'), ('GDMSESSION', 'ubuntu'), ('QT_ACCESSIBILITY', '1'), ('LC_MEASUREMENT', 'ru_RU.UTF-8'), ('GJS_DEBUG_OUTPUT', 'stderr'), ('GPG_AGENT_INFO', '/run/user/1000/gnupg/S.gpg-agent:0:1'), ('LC_IDENTIFICATION', 'ru_RU.UTF-8'), ('QT_IM_MODULE', 'ibus'), ('PWD', '/home/dmitry/Documents/lab_first_sem/ws_supervised/build/gui_control'), ('XDG_CONFIG_DIRS', '/etc/xdg/xdg-ubuntu:/etc/xdg'), ('XDG_DATA_DIRS', '/usr/share/ubuntu:/usr/share/gnome:/usr/local/share/:/usr/share/:/var/lib/snapd/desktop'), ('LC_NUMERIC', 'ru_RU.UTF-8'), ('PYTHONPATH', '/home/dmitry/Documents/lab_first_sem/ws_supervised/install/move_to_point_action/local/lib/python3.10/dist-packages:/opt/ros/humble/lib/python3.10/site-packages:/opt/ros/humble/local/lib/python3.10/dist-packages'), ('LC_PAPER', 'ru_RU.UTF-8'), ('COLCON', '1'), ('CMAKE_PREFIX_PATH', '/home/dmitry/Documents/lab_first_sem/ws_supervised/install/move_to_point_server:/home/dmitry/Documents/lab_first_sem/ws_supervised/install/move_to_point_action:/home/dmitry/Documents/lab_first_sem/ws_supervised/install/gui_control:/home/dmitry/Documents/lab_first_sem/ws_supervised/install/control_launch:/opt/ros/humble')]), 'shell': False}
[11.892546] (gui_control) StdoutLine: {'line': b'-- Install configuration: "Debug"\n'}
[11.892620] (gui_control) StdoutLine: {'line': b'-- Installing: /home/dmitry/Documents/lab_first_sem/ws_supervised/install/gui_control/lib/gui_control/gui_control\n'}
[11.901568] (gui_control) StdoutLine: {'line': b'-- Set runtime path of "/home/dmitry/Documents/lab_first_sem/ws_supervised/install/gui_control/lib/gui_control/gui_control" to ""\n'}
[11.901652] (gui_control) StdoutLine: {'line': b'-- Installing: /home/dmitry/Documents/lab_first_sem/ws_supervised/install/gui_control/share/ament_index/resource_index/package_run_dependencies/gui_control\n'}
[11.901684] (gui_control) StdoutLine: {'line': b'-- Installing: /home/dmitry/Documents/lab_first_sem/ws_supervised/install/gui_control/share/ament_index/resource_index/parent_prefix_path/gui_control\n'}
[11.901734] (gui_control) StdoutLine: {'line': b'-- Installing: /home/dmitry/Documents/lab_first_sem/ws_supervised/install/gui_control/share/gui_control/environment/ament_prefix_path.sh\n'}
[11.901762] (gui_control) StdoutLine: {'line': b'-- Installing: /home/dmitry/Documents/lab_first_sem/ws_supervised/install/gui_control/share/gui_control/environment/ament_prefix_path.dsv\n'}
[11.901787] (gui_control) StdoutLine: {'line': b'-- Installing: /home/dmitry/Documents/lab_first_sem/ws_supervised/install/gui_control/share/gui_control/environment/path.sh\n'}
[11.901854] (gui_control) StdoutLine: {'line': b'-- Installing: /home/dmitry/Documents/lab_first_sem/ws_supervised/install/gui_control/share/gui_control/environment/path.dsv\n'}
[11.901992] (gui_control) StdoutLine: {'line': b'-- Installing: /home/dmitry/Documents/lab_first_sem/ws_supervised/install/gui_control/share/gui_control/local_setup.bash\n'}
[11.902024] (gui_control) StdoutLine: {'line': b'-- Installing: /home/dmitry/Documents/lab_first_sem/ws_supervised/install/gui_control/share/gui_control/local_setup.sh\n'}
[11.902089] (gui_control) StdoutLine: {'line': b'-- Installing: /home/dmitry/Documents/lab_first_sem/ws_supervised/install/gui_control/share/gui_control/local_setup.zsh\n'}
[11.902116] (gui_control) StdoutLine: {'line': b'-- Installing: /home/dmitry/Documents/lab_first_sem/ws_supervised/install/gui_control/share/gui_control/local_setup.dsv\n'}
[11.902141] (gui_control) StdoutLine: {'line': b'-- Installing: /home/dmitry/Documents/lab_first_sem/ws_supervised/install/gui_control/share/gui_control/package.dsv\n'}
[11.902168] (gui_control) StdoutLine: {'line': b'-- Installing: /home/dmitry/Documents/lab_first_sem/ws_supervised/install/gui_control/share/ament_index/resource_index/packages/gui_control\n'}
[11.902192] (gui_control) StdoutLine: {'line': b'-- Installing: /home/dmitry/Documents/lab_first_sem/ws_supervised/install/gui_control/share/gui_control/cmake/gui_controlConfig.cmake\n'}
[11.902217] (gui_control) StdoutLine: {'line': b'-- Installing: /home/dmitry/Documents/lab_first_sem/ws_supervised/install/gui_control/share/gui_control/cmake/gui_controlConfig-version.cmake\n'}
[11.902240] (gui_control) StdoutLine: {'line': b'-- Up-to-date: /home/dmitry/Documents/lab_first_sem/ws_supervised/install/gui_control/share/gui_control/package.xml\n'}
[11.902876] (gui_control) CommandEnded: {'returncode': 0}
[11.909246] (gui_control) JobEnded: {'identifier': 'gui_control', 'rc': 0}
[11.909428] (-) EventReactorShutdown: {}
